OBJECTID,TRACT,ID2,GEO_ID,NAME,ID,TOTALPOP,P_POC,P_CHILD,P_ELDERLY,P_POVERTY,P_DISABILITY,P_LIMENG,ASTHMA,CHD,OBESITY,HSI,P_TREECOVER,P_NOTREE,P_IMPSURF,AIRTEMP_MEAN,HEI,HSEI,GIS_ID,SE_ANNO_CAD_DATA,GLOBALID,CREATOR,CREATED,EDITOR,EDITED,SHAPEAREA,SHAPELEN
1,001600,11001001600,1400000US11001001600,"Census Tract 16, District of Columbia, District of Columbia",30,5014,76.5,4.9,22.8,4,8.9,0.9,9.6,5.7,27,0.30982323,0.63701471,0.36298529,27.70954848,33.21163396,0.23949691,0.27466007,HSEIPly_35,,{1DAB1163-FE72-4421-BB86-8043A89DDAF9},,,,,0,0
2,001500,11001001500,1400000US11001001500,"Census Tract 15, District of Columbia, District of Columbia",29,6016,30.5,6.8,27.6,6,6.6,3.8,8.3,5.2,20.6,0.23294905,0.76540962,0.23459038,18.02190967,32.37127513,0.07254534,0.15274719,HSEIPly_34,,{223D6E3B-7985-4967-B9AF-DADADFB2387F},,,,,0,0
3,010300,11001010300,1400000US11001010300,"Census Tract 103, District of Columbia, District of Columbia",194,4272,82,2.3,9.5,19,9.2,10.5,10.4,4.8,28.8,0.32067944,0.29462927,0.70537073,45.24673906,34.16753391,0.50193364,0.41130654,HSEIPly_194,,{D3904052-16DE-4CFA-908C-65AC49CBA47B},,,,,0,0
4,001702,11001001702,1400000US11001001702,"Census Tract 17.02, District of Columbia, District of Columbia",31,3667,61,3.5,16.5,10,8.8,4.4,9.9,3.9,25.5,0.26179847,0.41958466,0.58041534,47.81604416,34.53509276,0.52284197,0.39232022,HSEIPly_36,,{B865449C-2A95-4038-B11B-7AD69E5022BE},,,,,0,0
5,001803,11001001803,1400000US11001001803,"Census Tract 18.03, District of Columbia, District of Columbia",32,4161,88.7,5.9,9.6,40,17.2,20.6,12,5.4,33.4,0.4730735,0.58355615,0.41644385,15.62309126,33.00942317,0.18773175,0.33040262,HSEIPly_37,,{BA5B55B8-71C6-461F-A9C3-A977156BC5D2},,,,,0,0
6,001804,11001001804,1400000US11001001804,"Census Tract 18.04, District of Columbia, District of Columbia",33,5803,93.6,7.3,11.8,48,18,23.9,12.2,6.6,36,0.53965913,0.31862208,0.68137792,45.36222728,35.30484159,0.63292598,0.58629255,HSEIPly_38,,{0A84B8D9-4DF7-4974-AFDC-5D3A3BB68911},,,,,0,0
7,001401,11001001401,1400000US11001001401,"Census Tract 14.01, District of Columbia, District of Columbia",27,3641,40.3,13.4,18.7,6,5.5,2.5,8.5,3.8,20.2,0.23852708,0.53387581,0.4661242,42.02384614,34.09382005,0.42075743,0.32964225,HSEIPly_32,,{E63C385C-C88E-4613-A1E6-963B8BF26B9F},,,,,0,0
8,009505,11001009505,1400000US11001009505,"Census Tract 95.05, District of Columbia, District of Columbia",166,3907,89.2,1.1,13.6,12,13.5,0,10.8,5.9,30.4,0.3287029,0.26804444,0.73195556,43.29076503,35.84857232,0.70421775,0.51646032,HSEIPly_166,,{502D2978-4321-4CC5-9FC3-7C2500485E87},,,,,0,0
9,001902,11001001902,1400000US11001001902,"Census Tract 19.02, District of Columbia, District of Columbia",35,2460,82,7,15.4,23,12.8,8.3,10.6,5.7,30.2,0.38913226,0.29745209,0.70254791,40.81016731,36.20477688,0.73106141,0.56009684,HSEIPly_40,,{F9317C64-E531-469C-AA8F-8A0ACA7DADA1},,,,,0,0
10,001901,11001001901,1400000US11001001901,"Census Tract 19.01, District of Columbia, District of Columbia",34,4220,84.1,3.1,14.4,23,9.6,13.4,10.4,5.1,29.4,0.36163047,0.24230292,0.75769708,50.64039973,36.03479635,0.75823612,0.55993329,HSEIPly_39,,{5CBF7E39-0F2D-4518-BE1C-F8DEDC94638C},,,,,0,0
11,001100,11001001100,1400000US11001001100,"Census Tract 11, District of Columbia, District of Columbia",22,4782,31,4.6,28.1,10,11.2,4.2,8.3,4.4,19.6,0.23194717,0.47965011,0.52034989,44.63500701,33.97416127,0.42916359,0.33055538,HSEIPly_27,,{35302255-D1A7-45AF-8D1D-BC001BEED860},,,,,0,0
12,001402,11001001402,1400000US11001001402,"Census Tract 14.02, District of Columbia, District of Columbia",28,3476,39.3,8.7,25.3,9,13.5,3.7,8.4,5.6,20.7,0.27894449,0.61277795,0.38722205,34.58106097,33.73948524,0.33257879,0.30576164,HSEIPly_33,,{A92864FD-A1A4-4C6D-A4B6-091AC0057CD2},,,,,0,0
13,002001,11001002001,1400000US11001002001,"Census Tract 20.01, District of Columbia, District of Columbia",36,3578,92.1,8.9,15.9,46,14.1,35.7,11.2,6,31.7,0.54630811,0.50413872,0.49586128,35.30339889,34.17767927,0.41558014,0.48094413,HSEIPly_41,,{3267F943-DD08-4642-8B52-E6BD9A0FA6AB},,,,,0,0
14,001301,11001001301,1400000US11001001301,"Census Tract 13.01, District of Columbia, District of Columbia",24,4567,36.4,4.5,18.5,9,6.3,3.3,8.8,3.5,19,0.18688124,0.79831235,0.20168765,15.12935584,32.35005817,0.05170881,0.11929502,HSEIPly_29,,{A5C8A0F0-4318-4969-999E-8C074997106E},,,,,0,0
15,009507,11001009507,1400000US11001009507,"Census Tract 95.07, District of Columbia, District of Columbia",167,1889,96.5,7.3,14.2,42,7.5,0,11.9,6.9,32.4,0.42013782,0.27054062,0.72945938,41.15501711,36.12621455,0.72968891,0.57491336,HSEIPly_167,,{9CE0AB12-F33A-4BD5-9AA7-6AF3AF221CA6},,,,,0,0
16,002002,11001002002,1400000US11001002002,"Census Tract 20.02, District of Columbia, District of Columbia",37,4440,76.8,8.1,10.8,15,5.7,6.6,10.7,4.8,28.9,0.32638006,0.35113964,0.64886037,48.03166826,35.28958348,0.63184448,0.47911227,HSEIPly_1,,{5C1F7532-AA60-4D37-90DF-9934F19516B7},,,,,0,0
17,002101,11001002101,1400000US11001002101,"Census Tract 21.01, District of Columbia, District of Columbia",38,5693,89.5,7.8,12,26,8.6,8.3,10.7,4.5,30.1,0.37331342,0.1949596,0.8050404,52.87147843,35.65116849,0.73184375,0.55257859,HSEIPly_2,,{332987B9-7345-418C-A24D-68E136BDABFD},,,,,0,0
18,001004,11001001004,1400000US11001001004,"Census Tract 10.04, District of Columbia, District of Columbia",21,4605,20.7,4.4,17.2,14,8.1,4.1,8.6,3.6,18.9,0.17464451,0.48847132,0.51152868,42.4740117,33.87797553,0.40797793,0.29131122,HSEIPly_26,,{2CCA1F9B-463D-42B7-A05B-638AC49DF91A},,,,,0,0
19,002600,11001002600,1400000US11001002600,"Census Tract 26, District of Columbia, District of Columbia",48,2746,63.4,8.2,22.4,8,14.5,5.2,9,4.9,24.6,0.32158088,0.70557921,0.29442079,19.41778026,32.96639269,0.16419513,0.242888,HSEIPly_48,,{877D6217-846F-4AE9-9814-92547D898E4A},,,,,0,0
20,002102,11001002102,1400000US11001002102,"Census Tract 21.02, District of Columbia, District of Columbia",39,5607,89.1,6.2,14.6,22,10.6,4.8,10.9,5.2,30.4,0.37177792,0.23475672,0.76524328,52.54718224,35.89846365,0.75027112,0.56102452,HSEIPly_3,,{574D1D8B-9E25-4F1F-9782-0730FB8968CD},,,,,0,0
21,009508,11001009508,1400000US11001009508,"Census Tract 95.08, District of Columbia, District of Columbia",168,4098,95.8,2.1,20.1,35,18.4,11.9,11.5,6.6,32,0.46154368,0.30442637,0.69557363,37.63857621,36.05951579,0.70100713,0.58127541,HSEIPly_168,,{C997F163-1913-47F8-BF6E-6F76976B0B64},,,,,0,0
22,001003,11001001003,1400000US11001001003,"Census Tract 10.03, District of Columbia, District of Columbia",20,2987,17.3,10.6,17.7,9,4,0,8.6,3.6,18.9,0.17500368,0.46078231,0.53921769,42.4740117,33.84888861,0.41157944,0.29329156,HSEIPly_25,,{05FEF29A-B976-4B65-BB0F-C50B98280FB8},,,,,0,0
23,001200,11001001200,1400000US11001001200,"Census Tract 12, District of Columbia, District of Columbia",23,5135,30.5,5.9,19.9,11,7.2,0,8.6,3.3,19.2,0.18294195,0.48488294,0.51511706,47.46302717,34.34735129,0.48232454,0.33263324,HSEIPly_28,,{DDC61019-1879-4EB1-B979-892A2DA735D4},,,,,0,0
24,009503,11001009503,1400000US11001009503,"Census Tract 95.03, District of Columbia, District of Columbia",164,3110,79,7,24.3,21,10.2,3.7,10.1,5.7,28.1,0.37193728,0.38159323,0.61840677,31.07125811,33.90097597,0.39931616,0.38562672,HSEIPly_164,,{AFECE803-964F-43D7-AF06-FF1728906E94},,,,,0,0
25,009510,11001009510,1400000US11001009510,"Census Tract 95.10, District of Columbia, District of Columbia",170,5272,95.1,14,9.2,45,10.3,19.9,12.8,4.5,29.1,0.49279412,0.43036963,0.56963038,36.01032503,35.34632833,0.57741921,0.53510667,HSEIPly_170,,{EDF81FEB-6B4A-472B-AB49-8A4F42D2D880},,,,,0,0
26,009509,11001009509,1400000US11001009509,"Census Tract 95.09, District of Columbia, District of Columbia",169,3575,91.1,15,17.5,6,14.5,2.2,10.9,5.9,30.6,0.42642857,0.20520499,0.79479501,40.69884533,36.50839331,0.79083968,0.60863413,HSEIPly_169,,{94C72D9C-9A4A-4E13-963D-6F0F7B0C4598},,,,,0,0
27,002202,11001002202,1400000US11001002202,"Census Tract 22.02, District of Columbia, District of Columbia",41,3223,80.9,15.2,7.7,27,6.9,6.8,10.5,4.3,29.9,0.37860549,0.36548472,0.63451528,33.9617258,35.69082447,0.62850089,0.50355319,HSEIPly_5,,{11F8E066-5A17-4F7D-9C11-18E054375A0C},,,,,0,0
28,002201,11001002201,1400000US11001002201,"Census Tract 22.01, District of Columbia, District of Columbia",40,3557,77,3.8,10.6,24,8,6.4,10.3,4.9,29.6,0.3174923,0.20524937,0.79475063,53.93508223,35.54132832,0.71962023,0.51855626,HSEIPly_4,,{EC2E2C8D-DE58-41F2-ACF9-75D0359D0A27},,,,,0,0
29,000904,11001000904,1400000US11001000904,"Census Tract 9.04, District of Columbia, District of Columbia",18,3232,25.9,4.3,26.7,9,10.4,0,9.8,3.4,17.3,0.20318117,0.68226314,0.31773686,30.64434286,32.99597427,0.21195868,0.20756993,HSEIPly_23,,{5CED9DA8-6A7D-4134-8986-24A4C5979096},,,,,0,0
30,001303,11001001303,1400000US11001001303,"Census Tract 13.03, District of Columbia, District of Columbia",25,3433,32.9,1.5,20.4,17,8.2,1.3,8.9,3.3,19.6,0.1813695,0.63087714,0.36912286,25.92819686,33.19317694,0.2327853,0.2070774,HSEIPly_30,,{6247170B-20D5-4ABC-82F0-B8FE7F4607BA},,,,,0,0
31,002501,11001002501,1400000US11001002501,"Census Tract 25.01, District of Columbia, District of Columbia",45,3392,71.8,12,12.4,16,6.3,12.3,10.8,5.4,29.8,0.37833758,0.22539749,0.77460251,56.31742624,35.38077488,0.70326202,0.5407998,HSEIPly_45,,{435D6B9D-6530-465B-9266-A177EE9137A2},,,,,0,0
32,002301,11001002301,1400000US11001002301,"Census Tract 23.01, District of Columbia, District of Columbia",42,3439,76.7,8,14,9,9,5.3,10.2,4.1,28.1,0.31929138,0.35272523,0.64727477,51.2318505,35.99311915,0.72692871,0.52311004,HSEIPly_42,,{A4DFBB39-658D-4211-959C-D9403178862C},,,,,0,0
33,009400,11001009400,1400000US11001009400,"Census Tract 94, District of Columbia, District of Columbia",163,5644,78.8,13.4,15.4,13,11.3,0.6,10.7,5.6,30.1,0.38109064,0.3398315,0.6601685,38.06869466,33.98891032,0.4444241,0.41275737,HSEIPly_163,,{5CA8919F-6BC5-4423-887F-9E10107B0867},,,,,0,0
34,002400,11001002400,1400000US11001002400,"Census Tract 24, District of Columbia, District of Columbia",44,4061,66.2,3.3,12,17,8.9,6.3,10.1,4.2,28,0.28409915,0.26801408,0.73198592,56.39987917,35.49897264,0.70682887,0.49546401,HSEIPly_44,,{289ED780-CCCC-4D05-A5F9-B48A5A06A553},,,,,0,0
35,009504,11001009504,1400000US11001009504,"Census Tract 95.04, District of Columbia, District of Columbia",165,3113,72.8,5.1,25.3,21,11.5,3.2,10.6,6,29.2,0.37094805,0.24743481,0.75256519,47.73027672,36.16828276,0.76306127,0.56700466,HSEIPly_165,,{F214C69B-1AF5-4DDD-84E8-8AE92449BFFE},,,,,0,0
36,001002,11001001002,1400000US11001001002,"Census Tract 10.02, District of Columbia, District of Columbia",19,3489,32.7,5.9,5.8,25,2.7,3.8,9.8,2.5,19.3,0.1658878,0.37113182,0.62886818,43.8735849,33.98925368,0.45620749,0.31104765,HSEIPly_24,,{2CEC1F49-4EC6-400B-B460-76AFEB339766},,,,,0,0
37,000903,11001000903,1400000US11001000903,"Census Tract 9.03, District of Columbia, District of Columbia",17,4149,27.3,1.4,7.5,15,7.5,0,9.8,3.4,17.3,0.13111449,0.54515439,0.45484561,30.64434286,33.87410672,0.35269774,0.24190611,HSEIPly_22,,{E2F90EED-94C4-4B2F-A454-E15618B99F04},,,,,0,0
38,002302,11001002302,1400000US11001002302,"Census Tract 23.02, District of Columbia, District of Columbia",43,1624,63.7,1.2,34.6,22,13,0,8.4,13.3,23.3,0.37561052,0.33547226,0.66452774,32.55556337,34.78383477,0.52235038,0.44898045,HSEIPly_43,,{6D5700BB-2E2A-4A24-9548-037D9794DCE6},,,,,0,0
39,009511,11001009511,1400000US11001009511,"Census Tract 95.11, District of Columbia, District of Columbia",171,2156,32.7,0,2.8,100,4.5,NULL,12.8,4.5,29.1,-9999,0.34051533,0.65948467,36.01032503,35.54591908,0.62445499,-9999,HSEIPly_171,,{B27FB260-49FC-411B-ADB3-B1113914AE49},,,,,0,0
40,000600,11001000600,1400000US11001000600,"Census Tract 6, District of Columbia, District of Columbia",9,4942,28,6.1,19.3,6,10.7,0.8,8.7,4.4,20.1,0.20224519,0.60943646,0.39056354,36.76870591,34.07404943,0.38111303,0.29167911,HSEIPly_14,,{C4535EAA-0D46-489A-9FEF-D4BDB6EF9AB3},,,,,0,0
41,002504,11001002504,1400000US11001002504,"Census Tract 25.04, District of Columbia, District of Columbia",47,3867,80.9,5.7,12.7,28,24,12.8,10.1,3.7,28,0.39441653,0.35879354,0.64120646,57.74345612,35.39938935,0.676156,0.53528627,HSEIPly_47,,{87348ECF-4175-4100-882B-F4AF5605D77D},,,,,0,0
42,002503,11001002503,1400000US11001002503,"Census Tract 25.03, District of Columbia, District of Columbia",46,3158,70.3,6.1,7.4,26,17.6,1.2,10.1,3.7,28,0.30981891,0.21879205,0.78120796,57.74345612,35.62963554,0.73973458,0.52477674,HSEIPly_46,,{047C7706-0ECA-4C7E-8195-E75F55055847},,,,,0,0
43,001304,11001001304,1400000US11001001304,"Census Tract 13.04, District of Columbia, District of Columbia",26,4200,29.1,2,15.5,14,8.6,0,8.9,3.3,19.6,0.15947799,0.56485266,0.43514734,25.92819686,33.56954726,0.29496763,0.22722281,HSEIPly_31,,{D1157994-BA02-4C9D-A0E2-7EFE1114F1DA},,,,,0,0
44,000902,11001000902,1400000US11001000902,"Census Tract 9.02, District of Columbia, District of Columbia",16,2372,22.8,5.2,20,5,8.7,0,8.4,4.3,20.5,0.17928518,0.61234839,0.38765161,17.69686043,32.85820334,0.16922887,0.17425702,HSEIPly_21,,{ABE96148-DF00-4BCF-B0C5-E33B2EA67E9A},,,,,0,0
45,002704,11001002704,1400000US11001002704,"Census Tract 27.04, District of Columbia, District of Columbia",51,4084,68.2,4.3,1.9,14,5.6,3.6,9.4,3.4,24,0.20902116,0.59024264,0.40975736,39.72957836,34.04461067,0.39257663,0.30079889,HSEIPly_51,,{9FB59E24-D196-4F4F-9F81-23B6B83A42AC},,,,,0,0
46,000803,11001000803,1400000US11001000803,"Census Tract 8.03, District of Columbia, District of Columbia",14,2523,35.6,7.1,26,25,5.2,3.6,9.1,4.9,20.6,0.26052575,0.62219139,0.37780861,23.99496863,33.66725298,0.28543221,0.27297898,HSEIPly_19,,{B7D04EE5-6CC2-4D2E-AC05-F922C1B0C747},,,,,0,0
47,002801,11001002801,1400000US11001002801,"Census Tract 28.01, District of Columbia, District of Columbia",52,4104,66.6,7.7,4.7,30,6.6,15.2,10.1,3.5,27.8,0.31708968,0.12392185,0.87607815,65.25947661,35.54925955,0.77998668,0.54853818,HSEIPly_52,,{5200D82C-0FCF-421F-A796-561BAF826251},,,,,0,0
48,003200,11001003200,1400000US11001003200,"Census Tract 32, District of Columbia, District of Columbia",57,5201,78.4,4.5,8.9,25,11.5,5.2,10.7,3.6,28.3,0.31496295,0.19024003,0.80975997,59.70226757,35.54201345,0.74318922,0.52907609,HSEIPly_57,,{486ABF62-B2A0-4155-B1E0-DDF8513A432E},,,,,0,0
49,002900,11001002900,1400000US11001002900,"Census Tract 29, District of Columbia, District of Columbia",54,4450,55.5,5.7,5.5,15,8.1,11.5,9.1,2.6,24.1,0.23422384,0.23030201,0.76969799,61.13877804,35.74459251,0.76216792,0.49819588,HSEIPly_54,,{4DC776DC-502A-4600-996D-A51EE5617C39},,,,,0,0
50,003100,11001003100,1400000US11001003100,"Census Tract 31, District of Columbia, District of Columbia",56,3825,58.2,4.7,10.1,15,10.6,4.5,9.1,2.8,24.4,0.23478877,0.16148771,0.83851229,59.54734808,36.08533725,0.81536271,0.52507574,HSEIPly_56,,{9F504839-590E-40DA-AEFC-67E763E3DE59},,,,,0,0
51,002703,11001002703,1400000US11001002703,"Census Tract 27.03, District of Columbia, District of Columbia",50,2567,46.9,13.1,12,20,6.6,10.9,9.4,3.4,24,0.29443027,0.19501322,0.80498678,39.72957836,34.92731699,0.60004279,0.44723653,HSEIPly_50,,{E23D23A1-7FB2-4F47-9DFE-1AC5CDFF1CFC},,,,,0,0
52,000804,11001000804,1400000US11001000804,"Census Tract 8.04, District of Columbia, District of Columbia",15,3948,25.3,4.3,14.8,8,5,0,9.1,4.9,20.6,0.16778611,0.6368287,0.3631713,23.99496863,33.08811829,0.21204408,0.1899151,HSEIPly_20,,{DA3F74C1-0D43-4721-83AE-DB431C3DA772},,,,,0,0
53,011100,11001011100,1400000US11001011100,"Census Tract 111, District of Columbia, District of Columbia",205,5227,90.3,5.2,19.3,31,21.5,1.9,11.3,6.7,32.3,0.44306996,0.37110941,0.62889059,27.53363179,34.37593951,0.44706745,0.44506871,HSEIPly_205,,{1894D994-6180-45F8-BE2D-E6BA4B510BE7},,,,,0,0
54,009301,11001009301,1400000US11001009301,"Census Tract 93.01, District of Columbia, District of Columbia",161,3701,51.1,7.5,14.3,15,10.4,3.3,10.3,4.6,27.2,0.29205806,0.4273818,0.5726182,41.60862799,34.46778763,0.49161255,0.39183531,HSEIPly_161,,{59A59CD4-4627-41E4-9779-1B18BC2A8D47},,,,,0,0
55,000501,11001000501,1400000US11001000501,"Census Tract 5.01, District of Columbia, District of Columbia",7,3343,33,1.2,9.8,10,6.2,1.2,8.8,2.1,17.4,0.11420364,0.60412208,0.39587792,34.27045102,33.84466942,0.34638769,0.23029567,HSEIPly_12,,{CCF99DF9-7900-4A3B-BD70-086CC4056F04},,,,,0,0
56,009201,11001009201,1400000US11001009201,"Census Tract 92.01, District of Columbia, District of Columbia",158,3272,50.2,8.5,6.4,32,6.5,3,11.2,3.5,24.3,0.26855008,0.15222081,0.84777919,46.03292639,36.2060401,0.78623241,0.52739125,HSEIPly_158,,{A3CDC141-BDFE-4B9C-8698-BF6CDDCAF0D3},,,,,0,0
57,000703,11001000703,1400000US11001000703,"Census Tract 7.03, District of Columbia, District of Columbia",11,3345,29.4,0.3,39.5,6,13.8,0,8.6,4.5,19.6,0.23307886,0.41296946,0.58703054,45.06605084,33.67073469,0.41124288,0.32216087,HSEIPly_16,,{458F0601-CD9F-4E76-A96B-A75635CEF133},,,,,0,0
58,000704,11001000704,1400000US11001000704,"Census Tract 7.04, District of Columbia, District of Columbia",12,2896,28.7,6.3,12.1,18,4.3,3.2,8.6,4.5,19.6,0.18187384,0.30447584,0.69552416,45.06605084,33.80879978,0.45565954,0.31876669,HSEIPly_17,,{FA618B98-1E45-4342-ACB5-8E508E33EBDC},,,,,0,0
59,002802,11001002802,1400000US11001002802,"Census Tract 28.02, District of Columbia, District of Columbia",53,5063,69,3,9,23,9.2,13.2,9.8,3.5,25.7,0.287588,0.09274652,0.90725348,71.65338107,35.70321054,0.82826319,0.55792559,HSEIPly_53,,{62D886EC-9E23-483B-B57A-62A5830835CE},,,,,0,0
60,002702,11001002702,1400000US11001002702,"Census Tract 27.02, District of Columbia, District of Columbia",49,6055,41.6,8.4,5.9,17,7.8,11,9.4,3.2,23.9,0.24121108,0.44911931,0.5508807,51.3646781,34.8137656,0.56086146,0.40103627,HSEIPly_49,,{9772B76C-6F24-4534-B3C8-72056F821FDB},,,,,0,0
61,000502,11001000502,1400000US11001000502,"Census Tract 5.02, District of Columbia, District of Columbia",8,3580,31.3,8.5,15,7,6.5,0.9,8.6,3.1,19.3,0.17918902,0.49457281,0.50542719,43.40047912,34.09903091,0.43614825,0.30766863,HSEIPly_13,,{918B0FB0-BFC5-450F-8560-C7DC7934E130},,,,,0,0
62,000400,11001000400,1400000US11001000400,"Census Tract 4, District of Columbia, District of Columbia",6,1481,42.2,4.1,24,14,5,4.3,8.7,4.8,20.6,0.22895796,0.51485778,0.48514222,35.18908345,33.81748358,0.36913263,0.29904529,HSEIPly_11,,{5C868295-800D-4415-9F96-0CCC06503F38},,,,,0,0
63,003000,11001003000,1400000US11001003000,"Census Tract 30, District of Columbia, District of Columbia",55,4211,66.7,6.3,5.9,31,10.7,11.9,10.4,3,25.5,0.30583831,0.20227634,0.79772366,61.02096439,36.01578715,0.80156054,0.55369943,HSEIPly_55,,{C490C5BE-912E-4426-BACE-35AD66181945},,,,,0,0
64,009000,11001009000,1400000US11001009000,"Census Tract 90, District of Columbia, District of Columbia",156,3780,93.2,7.8,37.9,21,20.5,0,11.5,7,30.9,0.49395392,0.32860691,0.67139309,33.72999319,34.59666909,0.50560483,0.49977938,HSEIPly_156,,{002932F0-4C91-47AD-84D9-BE67B9DDFFA7},,,,,0,0
65,003902,11001003902,1400000US11001003902,"Census Tract 39.02, District of Columbia, District of Columbia",68,2274,33.5,2.6,9.4,2,0.7,1.8,8.7,2.2,20,0.10715686,0.63284446,0.36715554,42.17714407,34.14839459,0.40246786,0.25481236,HSEIPly_68,,{A240DD29-FA51-4534-9BEA-5B37B210600A},,,,,0,0
66,003400,11001003400,1400000US11001003400,"Census Tract 34, District of Columbia, District of Columbia",60,5014,69.1,1.5,4.3,15,8.5,0.5,12.9,2.1,24.2,0.23365274,0.11436916,0.88563084,50.24086748,35.71917875,0.75172537,0.49268905,HSEIPly_60,,{62031555-9B3A-4FD3-BF9F-FFBCBC5115D5},,,,,0,0
67,009302,11001009302,1400000US11001009302,"Census Tract 93.02, District of Columbia, District of Columbia",162,1678,76.8,8.9,9.1,22,8.8,4.7,11,4.6,30.2,0.34525533,0.17666633,0.82333367,46.87862788,35.42651337,0.68911422,0.51718477,HSEIPly_162,,{476FC4B7-9949-4B77-A735-0687B01C1644},,,,,0,0
68,009102,11001009102,1400000US11001009102,"Census Tract 91.02, District of Columbia, District of Columbia",157,4723,91.5,8.4,9.7,44,13.7,2.2,12.9,6.3,35.6,0.45593254,0.17007278,0.82992722,51.70315963,35.57057455,0.72455523,0.59024388,HSEIPly_157,,{F1EAF96F-F7EB-4424-8E2D-309D9E6ED3CF},,,,,0,0
69,003500,11001003500,1400000US11001003500,"Census Tract 35, District of Columbia, District of Columbia",61,4852,72.1,2.5,3.9,38,6.7,4.3,12,2.4,24.6,0.26736269,0.13941306,0.86058694,65.53165902,35.38679484,0.75740705,0.51238487,HSEIPly_61,,{5A26873F-C96E-4B72-AFCA-2E684B70C0D2},,,,,0,0
70,003901,11001003901,1400000US11001003901,"Census Tract 39.01, District of Columbia, District of Columbia",67,2561,39.9,5.2,4.1,10,5.1,2.8,8.7,2.2,20,0.14023097,0.17647691,0.8235231,42.17714407,35.24268406,0.65104951,0.39564024,HSEIPly_67,,{AFBFA80B-1B7C-4C94-A354-E7CF800EB654},,,,,0,0
71,009203,11001009203,1400000US11001009203,"Census Tract 92.03, District of Columbia, District of Columbia",159,3229,80.8,5.6,6.6,23,14.2,3.2,11.5,4.9,30.8,0.34918404,0.28412654,0.71587346,32.6912891,35.33095735,0.60176286,0.47547345,HSEIPly_159,,{01E8820F-3B7E-4BDB-B075-21363AC0A8AB},,,,,0,0
72,003600,11001003600,1400000US11001003600,"Census Tract 36, District of Columbia, District of Columbia",62,4858,54.6,2.6,6.6,24,9.9,1.6,9.5,2.9,24.5,0.21337979,0.17426715,0.82573285,64.11085541,35.92243889,0.80803907,0.51070943,HSEIPly_62,,{648ED538-C520-4E8C-81D2-F1CACB0FB3F6},,,,,0,0
73,003301,11001003301,1400000US11001003301,"Census Tract 33.01, District of Columbia, District of Columbia",58,4195,51.1,4,6.4,12,4.7,0.3,9.8,2.6,24.1,0.18100883,0.14455508,0.85544492,43.1912174,35.84514877,0.7351274,0.45806811,HSEIPly_58,,{E6ED4C54-4806-40FE-A111-780833B0550B},,,,,0,0
74,003702,11001003702,1400000US11001003702,"Census Tract 37.02, District of Columbia, District of Columbia",64,2518,71.7,8.5,5.6,59,12.9,3.9,10.7,2.6,25.3,0.33698898,0.17822416,0.82177584,60.02210181,35.58487177,0.75251226,0.54475062,HSEIPly_64,,{E992D9A7-B8C0-45B0-A24F-A1FE092B7DBD},,,,,0,0
75,003802,11001003802,1400000US11001003802,"Census Tract 38.02, District of Columbia, District of Columbia",66,3221,45.6,6.1,4,10,10.3,0.9,8.5,2.4,21.3,0.16744012,0.20564721,0.79435279,68.16684902,35.12059406,0.71739119,0.44241566,HSEIPly_66,,{4B4A14D2-589E-40C2-8523-8AEA294F6FD6},,,,,0,0
76,000702,11001000702,1400000US11001000702,"Census Tract 7.02, District of Columbia, District of Columbia",10,2971,33.7,3.5,13.7,18,8.3,1.9,9.6,2.5,20.7,0.1837846,0.37922779,0.62077222,48.64404082,34.05780675,0.47861912,0.33120186,HSEIPly_15,,{0E7C0735-D348-4799-A76E-DCFCDF487C10},,,,,0,0
77,009204,11001009204,1400000US11001009204,"Census Tract 92.04, District of Columbia, District of Columbia",160,3265,91.3,11.8,14.4,46,17.5,2.3,12.6,6.5,34.5,0.4969442,0.20718863,0.79281137,59.43928696,35.86442229,0.776715,0.6368296,HSEIPly_160,,{013B2FA6-98C5-4319-8705-BD3496997DC2},,,,,0,0
78,003701,11001003701,1400000US11001003701,"Census Tract 37.01, District of Columbia, District of Columbia",63,2302,40.7,5.8,4.9,14,4.4,2.3,10.7,2.6,25.3,0.19766869,0.36976919,0.63023081,60.02210181,35.41681474,0.68319658,0.44043263,HSEIPly_63,,{6BE9F831-877E-4368-BB9B-8320FB5CE528},,,,,0,0
79,004001,11001004001,1400000US11001004001,"Census Tract 40.01, District of Columbia, District of Columbia",69,4785,17.8,4.5,7.6,4,3.8,0,8.5,2.7,19.7,0.09999484,0.38952905,0.61047095,50.66778868,34.30891511,0.51306275,0.3065288,HSEIPly_69,,{5C052B16-6751-4214-A592-D5AF2DABC109},,,,,0,0
80,003801,11001003801,1400000US11001003801,"Census Tract 38.01, District of Columbia, District of Columbia",65,1677,37.7,4.3,11.7,2,7,0,8.5,2.4,21.3,0.14707676,0.14304645,0.85695355,68.16684902,35.18850514,0.74160647,0.44434161,HSEIPly_65,,{533B0432-68CD-4C00-B6AA-16645426BA49},,,,,0,0
81,004002,11001004002,1400000US11001004002,"Census Tract 40.02, District of Columbia, District of Columbia",70,3436,21.8,1.6,16.7,5,5.9,1.8,8.3,2.1,18.7,0.1159602,0.19142545,0.80857455,68.09338301,35.07562631,0.71538027,0.41567023,HSEIPly_70,,{FCD2BBA6-8524-44F9-8CD9-38454589F4A0},,,,,0,0
82,000300,11001000300,1400000US11001000300,"Census Tract 3, District of Columbia, District of Columbia",5,6504,22.9,9.5,8.7,19,4.4,1.6,9.4,2.5,19.2,0.16954929,0.47422245,0.52577755,39.5654761,33.88872911,0.4030199,0.28628459,HSEIPly_10,,{15BEF384-0B8E-44F3-BBD7-1E1DD834A82E},,,,,0,0
83,008702,11001008702,1400000US11001008702,"Census Tract 87.02, District of Columbia, District of Columbia",150,3409,63.3,4,5.6,19,8.3,3.6,10.9,4.5,31.2,0.28321781,0.03284828,0.96715172,58.0796311,35.3715916,0.7575244,0.5203711,HSEIPly_150,,{72CA6755-A168-4DCB-8AC1-8227AE2679BC},,,,,0,0
84,004100,11001004100,1400000US11001004100,"Census Tract 41, District of Columbia, District of Columbia",71,2466,30.4,8.2,19.8,15,2,7,8.1,3.7,19.4,0.20378776,0.46835376,0.53164625,44.72002506,34.28501267,0.46972617,0.33675696,HSEIPly_71,,{44D4E2AF-3DD2-4961-BEDB-4E0FFDD44E2B},,,,,0,0
85,004401,11001004401,1400000US11001004401,"Census Tract 44.01, District of Columbia, District of Columbia",75,3522,40.5,11.1,4.1,6,3.9,1.3,8.4,1.9,20.6,0.15807759,0.19414233,0.80585768,73.2217132,35.86795111,0.82741625,0.49274692,HSEIPly_75,,{64587F13-51C4-492E-BE05-750DD96DF194},,,,,0,0
86,004300,11001004300,1400000US11001004300,"Census Tract 43, District of Columbia, District of Columbia",74,4054,37.6,8.5,6.3,13,6.9,3.3,8.8,2.8,22.1,0.18850477,0.18000872,0.81999128,68.57021606,35.31863526,0.74915051,0.46882764,HSEIPly_74,,{0C2BF30D-BDEB-44C5-8DFD-95BCFD7BDBAE},,,,,0,0
87,000802,11001000802,1400000US11001000802,"Census Tract 8.02, District of Columbia, District of Columbia",13,3487,26.8,4.6,19,10,4.9,0,8.5,3.1,19.3,0.1570593,0.46065275,0.53934725,18.54795453,32.77819003,0.20139802,0.17922866,HSEIPly_18,,{EDB139BC-0E81-40CD-9FD1-6666496712CC},,,,,0,0
88,004201,11001004201,1400000US11001004201,"Census Tract 42.01, District of Columbia, District of Columbia",72,3872,27.5,11.2,3.5,6,6.4,0,8.3,1.7,18.3,0.13227641,0.20831806,0.79168194,68.51515773,35.30751502,0.74036796,0.43632219,HSEIPly_72,,{69799B32-CF84-4642-8006-5986DC1AC53F},,,,,0,0
89,008701,11001008701,1400000US11001008701,"Census Tract 87.01, District of Columbia, District of Columbia",149,2738,59.9,3.2,6.5,15,14.7,0.5,10.3,3.4,26.9,0.24823874,0.08350331,0.91649669,63.5022901,35.50975031,0.77961501,0.51392688,HSEIPly_149,,{3D92677D-18BF-4E14-89B4-39273BC11E34},,,,,0,0
90,000102,11001000102,1400000US11001000102,"Census Tract 1.02, District of Columbia, District of Columbia",2,3318,18.6,2.8,25.8,9,5.6,0,8.5,4.1,19.7,0.16732351,0.41684301,0.58315699,28.79420686,33.64175346,0.35135592,0.25933972,HSEIPly_7,,{090747E1-811E-4312-8FA9-E3868FAC6764},,,,,0,0
91,009601,11001009601,1400000US11001009601,"Census Tract 96.01, District of Columbia, District of Columbia",172,2521,97.3,5.7,8.8,49,22.3,0.8,14.2,6.6,38.3,0.50359794,0.3101578,0.6898422,20.2519086,33.8244692,0.3715894,0.43759367,HSEIPly_172,,{15EFC4C8-07DF-4F39-BAA8-62B78922A726},,,,,0,0
92,000202,11001000202,1400000US11001000202,"Census Tract 2.02, District of Columbia, District of Columbia",4,4665,20.1,1,18.6,17,7,0,9.9,3,18.1,0.15268943,0.17080026,0.82919974,37.3046361,34.17535195,0.50757648,0.33013295,HSEIPly_9,,{EA6237B8-5161-473B-B0E7-811E3AE3AAB4},,,,,0,0
93,008804,11001008804,1400000US11001008804,"Census Tract 88.04, District of Columbia, District of Columbia",153,2733,91,4,9.4,43,17.9,5.4,13.1,6.2,37.5,0.46052535,0.18481847,0.81518153,45.78537559,35.66170364,0.71158079,0.58605307,HSEIPly_153,,{B0B4FEC1-70AC-49CD-98D3-E4D64E50E596},,,,,0,0
94,008803,11001008803,1400000US11001008803,"Census Tract 88.03, District of Columbia, District of Columbia",152,3376,78.4,2.3,3.8,50,27.4,8,13.2,4.1,30.7,0.41989435,0.12764274,0.87235726,62.24248887,35.46237479,0.75831217,0.58910326,HSEIPly_152,,{790F03E0-5DD4-4C2F-9222-178F2A2E1024},,,,,0,0
95,004402,11001004402,1400000US11001004402,"Census Tract 44.02, District of Columbia, District of Columbia",76,2517,49.4,6.4,9.9,8,14.7,1.1,8.4,1.9,20.6,0.19464566,0.155077,0.844923,73.2217132,35.658894,0.81229473,0.5034702,HSEIPly_76,,{6CC9DD75-4DF0-4BA3-9BBB-0CF0BCD49068},,,,,0,0
96,003302,11001003302,1400000US11001003302,"Census Tract 33.02, District of Columbia, District of Columbia",59,2195,56.7,11.6,6.2,11,4,0,9.5,2.5,23.9,0.22198815,0.13038557,0.86961443,65.85194466,36.02040049,0.83699718,0.52949267,HSEIPly_59,,{A18A2234-66FC-45FC-8DF7-8A7D5E313EF8},,,,,0,0
97,004202,11001004202,1400000US11001004202,"Census Tract 42.02, District of Columbia, District of Columbia",73,2601,35.1,1,10,19,4.8,0,8.2,2,18.2,0.11329276,0.15389249,0.84610751,72.52803389,35.17800654,0.75241417,0.43285347,HSEIPly_73,,{B9897A77-B99E-461B-9508-F108BA756FED},,,,,0,0
98,004801,11001004801,1400000US11001004801,"Census Tract 48.01, District of Columbia, District of Columbia",81,3138,50.1,6,16.6,21,5.3,2.4,9.3,3.2,23.8,0.23778899,0.23504891,0.76495109,66.73323548,35.65790791,0.76957825,0.50368362,HSEIPly_81,,{33F829D5-70C6-4678-BC0A-BCF833D01ECE},,,,,0,0
99,004600,11001004600,1400000US11001004600,"Census Tract 46, District of Columbia, District of Columbia",77,3169,57.9,2.7,10,21,18.3,0,10,3,26.2,0.26041017,0.15828314,0.84171686,63.9929333,35.51981714,0.7633241,0.51186714,HSEIPly_77,,{D6808F6B-1E3F-4272-BC68-E9CE85AE791F},,,,,0,0
100,005502,11001005502,1400000US11001005502,"Census Tract 55.02, District of Columbia, District of Columbia",93,2652,21.8,3.5,17.3,13,13.1,2.2,8.8,2.9,19.8,0.17985109,0.08477305,0.91522695,67.55272,35.04241242,0.73688915,0.45837012,HSEIPly_93,,{21A51352-EF71-4127-BEBC-59CCFFC2DE12},,,,,0,0
101,005302,11001005302,1400000US11001005302,"Census Tract 53.02, District of Columbia, District of Columbia",90,2558,25.8,5,8.6,15,4.9,2.4,8.3,2.1,18.8,0.12793827,0.36220078,0.63779922,73.44435098,34.84835372,0.66249062,0.39521445,HSEIPly_90,,{D7C51C45-0AA5-43EC-9894-F19FF5EDC451},,,,,0,0
102,005202,11001005202,1400000US11001005202,"Census Tract 52.02, District of Columbia, District of Columbia",88,2793,18.7,1.9,10.9,5,8.2,0.5,8.2,2.2,19.7,0.10452463,0.06487261,0.93512739,74.6282333,34.85932822,0.74407076,0.4242977,HSEIPly_88,,{41A75821-5D8B-4C00-AA57-E5AEE706CE3E},,,,,0,0
103,005001,11001005001,1400000US11001005001,"Census Tract 50.01, District of Columbia, District of Columbia",85,2006,31.1,1.6,8.7,12,9,3.7,8.6,2.6,22.3,0.15141016,0.18550909,0.81449091,64.17434211,34.82272689,0.67314319,0.41227668,HSEIPly_85,,{70AF74B8-6F4D-484A-8ABB-67C479819650},,,,,0,0
104,004901,11001004901,1400000US11001004901,"Census Tract 49.01, District of Columbia, District of Columbia",83,3496,49.2,2,10.6,29,15.7,3.3,10.2,3.2,25.8,0.26029644,0.1175399,0.88246011,68.55567791,35.02468394,0.72977197,0.49503421,HSEIPly_83,,{A42F47CB-8A6A-4F3E-9ADA-9D0179F5169F},,,,,0,0
105,000201,11001000201,1400000US11001000201,"Census Tract 2.01, District of Columbia, District of Columbia",3,3972,44.6,0,0.7,42,2.5,NULL,12.6,1.1,16.3,-9999,0.18983159,0.81016841,50.42036672,34.57558144,0.59548286,-9999,HSEIPly_8,,{6316CBA8-4341-4C49-AC23-5203DF2C3CEA},,,,,0,0
106,005303,11001005303,1400000US11001005303,"Census Tract 53.03, District of Columbia, District of Columbia",91,2723,27.2,0.6,13.5,13,3.8,2.2,8.3,2.1,18.8,0.11221371,0.09467108,0.90532892,73.44435098,34.81126443,0.72662043,0.41941707,HSEIPly_91,,{DE77BFA0-EA0F-4891-A0D2-58838054530F},,,,,0,0
107,000101,11001000101,1400000US11001000101,"Census Tract 1.01, District of Columbia, District of Columbia",1,1250,17.7,6.8,21.8,13,5.2,0,8.5,4.1,19.7,0.18093323,0.28572677,0.71427323,28.79420686,34.60283197,0.50053208,0.34073266,HSEIPly_6,,{9FC16F8F-0661-42EB-B2FA-4B6C8F3F1CFD},,,,,0,0
108,010601,11001010601,1400000US11001010601,"Census Tract 106.01, District of Columbia, District of Columbia",197,1862,52.9,1.5,0.1,27,13.9,2.8,9.8,2.7,24.4,0.20791226,0.11845312,0.88154688,67.2761457,35.27626989,0.75543156,0.48167191,HSEIPly_197,,{FB7EDEE6-670D-4A94-ABA7-6322B3E44F8D},,,,,0,0
109,007806,11001007806,1400000US11001007806,"Census Tract 78.06, District of Columbia, District of Columbia",135,2548,96.5,3.4,17.7,49,17.7,2.9,12.4,6.4,36.4,0.47550381,0.25382667,0.74617333,45.29236914,34.6793182,0.57408718,0.5247955,HSEIPly_135,,{E142F598-F200-4B31-83E5-A90742DB421E},,,,,0,0
110,005004,11001005004,1400000US11001005004,"Census Tract 50.04, District of Columbia, District of Columbia",87,4115,55.4,6.1,10.8,42,12.4,6.2,9.1,2.7,23.8,0.27894643,0.11160956,0.88839045,69.23483382,34.59371552,0.68178524,0.48036583,HSEIPly_87,,{C0A0BCA4-24E1-4351-8241-30EED8D5CC38},,,,,0,0
111,005003,11001005003,1400000US11001005003,"Census Tract 50.03, District of Columbia, District of Columbia",86,1617,42,0,1.7,12,7.5,1.7,9.1,2.7,23.8,0.13786036,0.16972746,0.83027254,69.23483382,34.40632741,0.64435331,0.39110684,HSEIPly_86,,{59BDB7D5-7F98-4AF9-885D-BC199AF44894},,,,,0,0
112,005203,11001005203,1400000US11001005203,"Census Tract 52.03, District of Columbia, District of Columbia",89,3044,51.8,0,23.4,9,6.3,26.1,8.2,2.2,19.7,0.24954003,0.05701038,0.94298962,74.6282333,34.69550725,0.72638858,0.4879643,HSEIPly_89,,{371FDD98-DAD3-4925-A9CE-AF44A3B0E818},,,,,0,0
113,005503,11001005503,1400000US11001005503,"Census Tract 55.03, District of Columbia, District of Columbia",94,2256,23.6,5.7,10.2,15,2.7,6.9,8.8,2.9,19.8,0.15769884,0.24428521,0.75571479,67.55272,34.99501967,0.6902948,0.42399682,HSEIPly_94,,{53BFA735-85B7-4BC8-88AA-07D8182F6621},,,,,0,0
114,010700,11001010700,1400000US11001010700,"Census Tract 107, District of Columbia, District of Columbia",200,1772,33,1.2,12,30,6.2,2.7,9.5,2.2,18.1,0.15935326,0.07168209,0.92831791,88.36209994,34.80299777,0.78231852,0.47083589,HSEIPly_200,,{65C7076F-9C72-4BC0-8FCF-634DBD0693CA},,,,,0,0
115,004902,11001004902,1400000US11001004902,"Census Tract 49.02, District of Columbia, District of Columbia",84,3533,52,3.6,3.8,18,7.4,1.8,9.3,2.3,23.8,0.1825845,0.10091543,0.89908457,78.79897318,34.68631938,0.72822969,0.4554071,HSEIPly_84,,{DA83DFA7-E3D6-46A3-83AE-D3B55B214AC6},,,,,0,0
116,004802,11001004802,1400000US11001004802,"Census Tract 48.02, District of Columbia, District of Columbia",82,3447,66.3,2.6,10.4,21,10.9,4.6,10.1,3.5,25.2,0.26348942,0.20286049,0.79713951,62.19589699,35.06387708,0.6909536,0.47722151,HSEIPly_82,,{1F9460DA-3CB3-4F91-A7DC-037693A65877},,,,,0,0
117,009602,11001009602,1400000US11001009602,"Census Tract 96.02, District of Columbia, District of Columbia",173,4038,99.3,10.9,11.5,63,18.2,1.1,14.6,5.5,38.5,0.54219264,0.22485432,0.77514568,32.68318679,34.6443171,0.5343696,0.53828112,HSEIPly_173,,{CE93386F-B543-47C2-8D72-54F0650F70CB},,,,,0,0
118,010602,11001010602,1400000US11001010602,"Census Tract 106.02, District of Columbia, District of Columbia",198,5262,45.3,3.3,5,21,11.2,0.5,9.8,2.7,24.4,0.20011087,0.18652528,0.81347472,67.2761457,35.36396683,0.74852389,0.47431738,HSEIPly_198,,{4380D9CA-1CEE-4237-8793-98B4E798FA62},,,,,0,0
119,008802,11001008802,1400000US11001008802,"Census Tract 88.02, District of Columbia, District of Columbia",151,4496,78.4,5.9,13.3,31,10.4,4.5,11.6,5.5,32.1,0.37970748,0.19322323,0.80677677,57.86191802,35.38498681,0.71727665,0.54849206,HSEIPly_151,,{46A2638B-8370-4EE7-8988-37173F735868},,,,,0,0
120,008903,11001008903,1400000US11001008903,"Census Tract 89.03, District of Columbia, District of Columbia",154,3321,88.6,8.5,4.8,48,11.8,5.4,12.9,6.4,37.4,0.45473658,0.1742472,0.8257528,54.19537647,35.58322725,0.73349289,0.59411473,HSEIPly_154,,{9C8F1DA3-70AE-49E7-A194-79F605314F21},,,,,0,0
121,004704,11001004704,1400000US11001004704,"Census Tract 47.04, District of Columbia, District of Columbia",80,1852,99.9,0,11.8,37,16.2,6.4,11.2,4.8,27.9,0.37270123,0.05365893,0.94634107,66.51906866,35.14927874,0.75419606,0.56344864,HSEIPly_80,,{2FF7DCE9-4F44-4488-8817-27A99E1EEBE8},,,,,0,0
122,005501,11001005501,1400000US11001005501,"Census Tract 55.01, District of Columbia, District of Columbia",92,1700,23.6,0,9.8,20,12.6,5.7,8.8,2.9,19.8,0.15799811,0.09698227,0.90301774,67.55272,34.8704828,0.71308605,0.43554208,HSEIPly_92,,{36898567-A828-49E9-B64A-4305AFDCE3AC},,,,,0,0
123,010100,11001010100,1400000US11001010100,"Census Tract 101, District of Columbia, District of Columbia",191,2773,41,0,12.5,15,11.4,2.9,8.2,3,19.7,0.16243059,0.15631051,0.84368949,85.11780385,34.85065178,0.75530384,0.45886722,HSEIPly_191,,{1EE50F5B-C377-4F6E-81E4-F1CA48BE6364},,,,,0,0
124,010603,11001010603,1400000US11001010603,"Census Tract 106.03, District of Columbia, District of Columbia",199,1864,25.8,0.1,4.6,8,2.9,0,9.8,2.7,24.4,0.11255324,0.0229431,0.9770569,67.2761457,35.56372691,0.81448244,0.46351784,HSEIPly_199,,{CAE4FDB8-F8E6-44F4-8D56-29B0929CA997},,,,,0,0
125,004703,11001004703,1400000US11001004703,"Census Tract 47.03, District of Columbia, District of Columbia",79,2947,58.9,0.5,6.8,40,12.6,17.9,11.2,4.8,27.9,0.33667034,0.04290827,0.95709173,66.51906866,35.21489342,0.76484186,0.5507561,HSEIPly_79,,{7D976B6D-C7BA-40CC-AEDE-F866DA42B913},,,,,0,0
126,008904,11001008904,1400000US11001008904,"Census Tract 89.04, District of Columbia, District of Columbia",155,4541,92.2,7.9,6.2,52,13.3,2.4,13.2,6.1,37.2,0.46012549,0.09482076,0.90517924,54.05145129,35.35347392,0.72574055,0.59293302,HSEIPly_155,,{417BD6EE-66D1-40D9-9BAA-D210BEFD2E59},,,,,0,0
127,005601,11001005601,1400000US11001005601,"Census Tract 56.01, District of Columbia, District of Columbia",95,2388,37.3,0.6,13.2,38,7.8,1.3,10,4.1,19.4,0.2041198,0.37107054,0.62892946,58.28985676,34.43314551,0.55868746,0.38140363,HSEIPly_95,,{A8C116A4-91BC-40F3-982D-4A7DE9D97E87},,,,,0,0
128,007807,11001007807,1400000US11001007807,"Census Tract 78.07, District of Columbia, District of Columbia",136,2336,99.4,1.7,13,39,19.5,0,13.1,5.9,36.8,0.44659019,0.37696329,0.62303672,44.73486617,34.84526545,0.56057249,0.50358134,HSEIPly_136,,{3260FE77-4B52-46EB-96B7-A080C42CFDDB},,,,,0,0
129,007809,11001007809,1400000US11001007809,"Census Tract 78.09, District of Columbia, District of Columbia",138,3112,100,8.9,9,34,13,4.6,13.2,6.1,37.4,0.47077678,0.41790762,0.58209238,42.09405163,34.9717587,0.55629221,0.51353449,HSEIPly_138,,{5B762F5C-7EB8-4CB8-AF00-6D9B3F5C3A33},,,,,0,0
130,008410,11001008410,1400000US11001008410,"Census Tract 84.10, District of Columbia, District of Columbia",148,1737,40,9.8,5.6,6,7,0,9.6,3,25.2,0.20318568,0.24215318,0.75784682,58.51445827,35.45070528,0.71485601,0.45902084,HSEIPly_148,,{CF3A3CFC-E0B2-42A9-8523-A5745B77C156},,,,,0,0
131,005802,11001005802,1400000US11001005802,"Census Tract 58.02, District of Columbia, District of Columbia",98,1799,35.7,0,9.2,11,8.2,3,8.5,3.4,20.6,0.14336495,0.03901833,0.96098167,88.54615273,35.32351064,0.8539063,0.49863562,HSEIPly_98,,{8EA7A3B2-E2C4-4273-BD48-02087D803203},,,,,0,0
132,005602,11001005602,1400000US11001005602,"Census Tract 56.02, District of Columbia, District of Columbia",96,4178,39.2,0.6,17.9,25,10.7,1.5,10,4.1,19.4,0.2146868,0.20941553,0.79058447,58.28985676,34.56202684,0.61562942,0.41515811,HSEIPly_96,,{644472D0-AC54-4A7F-B6AF-7A6D736D41F9},,,,,0,0
133,004702,11001004702,1400000US11001004702,"Census Tract 47.02, District of Columbia, District of Columbia",78,3727,40.9,3.7,9.1,12,8.7,0.7,9.3,3.8,23.2,0.18956493,0.13052894,0.86947106,77.46923925,35.46348751,0.80955636,0.49956065,HSEIPly_78,,{9021DF59-2574-4021-916F-3A7F696EA17E},,,,,0,0
134,010800,11001010800,1400000US11001010800,"Census Tract 108, District of Columbia, District of Columbia",201,6351,37.1,0.1,0.8,52,4.9,3,13.1,1.3,18.1,0.1839726,0.16905495,0.83094505,75.19322507,35.24266104,0.76537645,0.47467452,HSEIPly_201,,{81696109-2BCF-44F2-8930-5C8A53E2E210},,,,,0,0
135,005801,11001005801,1400000US11001005801,"Census Tract 58.01, District of Columbia, District of Columbia",97,1992,46,4.7,12.9,31,16.2,11.1,8.5,3.4,20.6,0.2661478,0.22862678,0.77137322,88.54615273,35.13428355,0.78254162,0.52434471,HSEIPly_97,,{C4C7ECFA-7CBE-41CD-8C16-6A91128D994E},,,,,0,0
136,007803,11001007803,1400000US11001007803,"Census Tract 78.03, District of Columbia, District of Columbia",133,4293,96.9,9.6,19.8,57,24.6,0,12.9,6.7,37.1,0.55108749,0.41943134,0.58056866,37.8480303,34.6221454,0.49940529,0.52524639,HSEIPly_133,,{72F37F6E-FA17-406D-86D9-17EE0D40B664},,,,,0,0
137,005900,11001005900,1400000US11001005900,"Census Tract 59, District of Columbia, District of Columbia",99,2437,41.4,0.7,6.6,34,10.5,1,10.1,2.5,22.5,0.19228655,0.02488741,0.97511259,74.81980092,35.43068661,0.8236749,0.50798072,HSEIPly_99,,{5F6CAB86-184E-4F99-8D60-CFCBD53905A5},,,,,0,0
138,007804,11001007804,1400000US11001007804,"Census Tract 78.04, District of Columbia, District of Columbia",134,4352,98.2,8.5,11.8,57,13.3,3,13.3,6.6,35.8,0.4949219,0.32177326,0.67822675,40.21923238,34.87876827,0.56337383,0.52914786,HSEIPly_134,,{F6974F9C-C595-49D2-BA96-6DE59D4AF2CE},,,,,0,0
139,008402,11001008402,1400000US11001008402,"Census Tract 84.02, District of Columbia, District of Columbia",147,2375,40.5,6.4,11,16,8.8,0,9.6,3.7,23.8,0.21763842,0.19424664,0.80575336,59.98416669,35.16764266,0.69810742,0.45787292,HSEIPly_147,,{46A4A6DB-3387-48B7-B9FC-7665C05A8E41},,,,,0,0
140,980000,11001980000,1400000US11001980000,"Census Tract 9800, District of Columbia, District of Columbia",206,13,0,0,0,0,0,0,0,0,0,-9999,0.15870292,0.84129708,20.52625363,33.71757018,0.39850012,-9999,HSEIPly_206,,{DDFCFB9E-4B99-4D2A-9280-57E67E89F98A},,,,,0,0
141,008301,11001008301,1400000US11001008301,"Census Tract 83.01, District of Columbia, District of Columbia",145,2746,24.8,6.5,11.5,7,3.5,0,8.7,2.2,20,0.1325558,0.15768678,0.84231322,62.5482023,35.46998476,0.7525655,0.44256065,HSEIPly_145,,{26F36D2A-ADC6-4ED2-A691-909C2EFE4083},,,,,0,0
142,008302,11001008302,1400000US11001008302,"Census Tract 83.02, District of Columbia, District of Columbia",146,2831,28.5,6.7,8.8,3,6,0,8.9,2.8,20.7,0.14546143,0.14289787,0.85710213,61.98066178,35.35718287,0.74086115,0.44316129,HSEIPly_146,,{4B490716-A0F5-46E2-840B-9C93FBF89957},,,,,0,0
143,007901,11001007901,1400000US11001007901,"Census Tract 79.01, District of Columbia, District of Columbia",139,5030,81.2,8.3,16.5,36,11.5,0,12.4,4.8,33.7,0.4109368,0.10597713,0.89402287,62.25323393,35.13379452,0.72439477,0.56766578,HSEIPly_139,,{3EE7A86A-7370-4817-AB2F-7B6585134469},,,,,0,0
144,008001,11001008001,1400000US11001008001,"Census Tract 80.01, District of Columbia, District of Columbia",141,3226,33.6,11.3,7.7,5,9.5,0,9.4,2.9,23.8,0.2079451,0.19798924,0.80201076,60.08703824,35.10739321,0.69025378,0.44909944,HSEIPly_141,,{E7C7B5D2-4ECD-45C3-AB27-6849E110B429},,,,,0,0
145,007903,11001007903,1400000US11001007903,"Census Tract 79.03, District of Columbia, District of Columbia",140,2031,77.8,8.2,9.8,17,13,0,11.1,5,31.3,0.34665035,0.17184066,0.82815934,56.36788867,35.68654247,0.75393042,0.55029038,HSEIPly_140,,{6F3EBB78-6403-4073-A388-CE6817D10BA4},,,,,0,0
146,006804,11001006804,1400000US11001006804,"Census Tract 68.04, District of Columbia, District of Columbia",106,2999,90.4,1.1,5.3,49,26.4,0,11.9,4.5,38.8,0.42384808,0.20565086,0.79434914,31.93043289,34.67374095,0.54026765,0.48205786,HSEIPly_106,,{4E5889F5-FAC9-4801-AF89-E20A009D9BCF},,,,,0,0
147,008100,11001008100,1400000US11001008100,"Census Tract 81, District of Columbia, District of Columbia",143,3438,21.7,8.9,8.2,4,4,0,8.7,2.5,20.2,0.13446019,0.27520904,0.72479096,61.13058886,34.93583024,0.65338082,0.39392051,HSEIPly_143,,{32878775-AC59-481C-8433-C621286A371B},,,,,0,0
148,009604,11001009604,1400000US11001009604,"Census Tract 96.04, District of Columbia, District of Columbia",175,2496,97.2,12,15.2,24,11.1,2.4,12.1,6.5,33.9,0.45413596,0.2339435,0.7660565,37.66662883,34.81071147,0.56901634,0.51157615,HSEIPly_175,,{E24C58D8-6369-4627-9285-72808E9EF7E6},,,,,0,0
149,007808,11001007808,1400000US11001007808,"Census Tract 78.08, District of Columbia, District of Columbia",137,4322,99.6,4.3,12.6,45,20.7,0,13.9,7.3,38,0.49892351,0.33266627,0.66733373,36.17702257,34.69853872,0.5251456,0.51203456,HSEIPly_137,,{FD9C32A8-56C7-4801-9D29-022441DCD477},,,,,0,0
150,009603,11001009603,1400000US11001009603,"Census Tract 96.03, District of Columbia, District of Columbia",174,4310,99.7,8.3,17,44,18.2,0.9,12.8,7.1,37,0.50893961,0.22797655,0.77202345,51.63928301,35.08760535,0.65141988,0.58017975,HSEIPly_174,,{E10033D3-F84F-4C70-9F50-40706EA66271},,,,,0,0
151,008200,11001008200,1400000US11001008200,"Census Tract 82, District of Columbia, District of Columbia",144,3234,20.8,8.5,8,7,2.7,0.7,8.9,2.6,18.9,0.13020041,0.33048387,0.66951613,63.64931173,34.89221075,0.64254139,0.3863709,HSEIPly_144,,{38DE4F71-F80A-426C-A525-0A185F5F71ED},,,,,0,0
152,008002,11001008002,1400000US11001008002,"Census Tract 80.02, District of Columbia, District of Columbia",142,3527,28.5,11.2,9.5,11,7.8,0.2,9.3,2.9,23.4,0.20460991,0.32196829,0.67803171,55.77107996,34.87158346,0.61541731,0.41001361,HSEIPly_142,,{F4A45022-14C1-4A32-9DFE-BDCA1F90DBFB},,,,,0,0
153,009906,11001009906,1400000US11001009906,"Census Tract 99.06, District of Columbia, District of Columbia",189,1737,94.9,5.8,28.6,54,21.5,3.5,13.5,6.7,38.6,0.5623762,0.21077353,0.78922647,43.01875579,34.68577643,0.57815957,0.57026788,HSEIPly_189,,{A1B9AAC3-749E-486A-BE73-BF36C05B8328},,,,,0,0
154,007703,11001007703,1400000US11001007703,"Census Tract 77.03, District of Columbia, District of Columbia",129,7730,99.8,8.8,11.3,56,10.3,0,14.7,7,40.5,0.51678246,0.40252522,0.59747478,32.54843915,34.10666645,0.42371203,0.47024725,HSEIPly_129,,{0ECC6B64-1002-4E8E-8B65-AEB6A34D0ABB},,,,,0,0
155,007708,11001007708,1400000US11001007708,"Census Tract 77.08, District of Columbia, District of Columbia",131,2875,100,11.2,19.5,55,29.8,0,15.4,8.6,43.9,0.65272204,0.38959049,0.61040951,18.62591953,34.3450363,0.40828076,0.5305014,HSEIPly_131,,{D39859D7-164D-49E5-A327-0D7E12A33999},,,,,0,0
156,009904,11001009904,1400000US11001009904,"Census Tract 99.04, District of Columbia, District of Columbia",187,3208,97.8,18.5,4.2,61,12.9,1.3,13.7,5.6,38.5,0.53429984,0.2374297,0.7625703,48.30272558,34.99323445,0.62628738,0.58029361,HSEIPly_187,,{AC164A7A-B3A4-4091-B67D-7E8C35A63E3B},,,,,0,0
157,009903,11001009903,1400000US11001009903,"Census Tract 99.03, District of Columbia, District of Columbia",186,2559,92.8,7.4,6.1,36,17.4,1.4,12.6,5.2,33.5,0.4191628,0.19433441,0.80566559,41.25494634,34.92412873,0.60502768,0.51209524,HSEIPly_186,,{831FDC5F-BFF2-430D-9857-8817B8F4F8D4},,,,,0,0
158,006600,11001006600,1400000US11001006600,"Census Tract 66, District of Columbia, District of Columbia",102,1986,12.5,3.2,22.5,7,8.1,0,8.5,3.1,19.1,0.14672694,0.29883209,0.70116791,62.51580512,34.83181655,0.63953464,0.39313079,HSEIPly_102,,{046A7A16-67DC-4623-B62F-8657833358A7},,,,,0,0
159,006700,11001006700,1400000US11001006700,"Census Tract 67, District of Columbia, District of Columbia",103,4498,25.2,6.7,20.3,4,9.9,0,8.6,2.9,20.1,0.18189015,0.28596241,0.71403759,58.59181056,34.81639246,0.62761753,0.40475384,HSEIPly_103,,{04796E20-21C2-426C-8803-0FC5DDBECE05},,,,,0,0
160,006801,11001006801,1400000US11001006801,"Census Tract 68.01, District of Columbia, District of Columbia",104,2528,54.9,9.3,6.2,22,7.9,0,10.1,3.5,26.7,0.25844339,0.28288655,0.71711346,54.49382979,35.09701784,0.64819413,0.45331876,HSEIPly_104,,{07BB9374-F10C-4DDA-BF35-95E0006DAB50},,,,,0,0
161,009905,11001009905,1400000US11001009905,"Census Tract 99.05, District of Columbia, District of Columbia",188,2773,98.6,8.8,10.9,48,21.1,3.2,13.7,6.4,38.6,0.52445228,0.33320716,0.66679285,42.37770045,34.6641323,0.54198453,0.5332184,HSEIPly_188,,{99E60674-C835-462C-9553-BC3FF5F3CF9D},,,,,0,0
162,006500,11001006500,1400000US11001006500,"Census Tract 65, District of Columbia, District of Columbia",101,2939,25.1,4.4,13.8,25,6.9,1.1,9.3,3.4,21.8,0.18757041,0.20914579,0.79085421,56.116584,35.09774039,0.67271254,0.43014147,HSEIPly_101,,{716D3B0A-1030-462E-9124-3F2CE27EE4EF},,,,,0,0
163,010202,11001010202,1400000US11001010202,"Census Tract 102.02, District of Columbia, District of Columbia",193,1707,45.2,11.7,24.4,26,11.9,1.5,9.2,3.6,22.6,0.30731849,0.14575749,0.85424252,60.03826516,35.01057713,0.6918377,0.49957809,HSEIPly_193,,{E9BD243A-ECF0-4E92-BBF3-8CF3F4587490},,,,,0,0
164,010500,11001010500,1400000US11001010500,"Census Tract 105, District of Columbia, District of Columbia",196,3927,45.4,7.2,7.4,22,11.2,2.3,10.7,3.9,27.9,0.27214244,0.19175985,0.80824015,67.08650518,35.06020908,0.71001212,0.49107728,HSEIPly_196,,{24353FF0-3F90-4932-B25D-41D38F8B2FFD},,,,,0,0
165,006900,11001006900,1400000US11001006900,"Census Tract 69, District of Columbia, District of Columbia",107,2601,23.3,7.4,9.6,7,8.3,0,8.9,2.8,22,0.16154227,0.22719391,0.77280609,62.51075399,35.15509765,0.69675554,0.4291489,HSEIPly_107,,{A69F6ED0-965A-45B9-A546-A31A450153FA},,,,,0,0
166,006802,11001006802,1400000US11001006802,"Census Tract 68.02, District of Columbia, District of Columbia",105,2530,44.7,5.9,6.4,14,4.9,0,9.1,3.1,24,0.18176444,0.24717845,0.75282155,53.09941826,35.08215026,0.65081304,0.41628874,HSEIPly_105,,{93112838-1598-4FEB-877A-CC70AB2AB996},,,,,0,0
167,009907,11001009907,1400000US11001009907,"Census Tract 99.07, District of Columbia, District of Columbia",190,2942,99.6,7.5,8.5,58,11.3,1.5,13.8,5.4,36.6,0.46981659,0.35357377,0.64642623,31.62172032,34.13235605,0.43619549,0.45300604,HSEIPly_190,,{423F6227-8086-4603-A651-CD748CD2FF82},,,,,0,0
168,007000,11001007000,1400000US11001007000,"Census Tract 70, District of Columbia, District of Columbia",108,2794,26.6,4.8,9.3,3,8.5,0,8.5,2.3,19.1,0.12595864,0.32720649,0.67279351,62.22150922,35.0451695,0.6569115,0.39143507,HSEIPly_108,,{5EBA574E-13E1-4AD2-A879-76B8A5AFC868},,,,,0,0
169,009901,11001009901,1400000US11001009901,"Census Tract 99.01, District of Columbia, District of Columbia",184,2486,92.8,5.9,33,12,22.2,0.8,11.2,6.9,32.3,0.46743118,0.64351866,0.35648134,19.65299296,33.50701138,0.24591142,0.3566713,HSEIPly_184,,{44033851-AB43-42D3-AD0B-7F2B7FA9F988},,,,,0,0
170,007100,11001007100,1400000US11001007100,"Census Tract 71, District of Columbia, District of Columbia",109,3635,75.1,7.4,8.1,55,13.7,5,11.9,4.4,31.1,0.39772451,0.09205459,0.90794541,38.26125969,34.88265972,0.61606984,0.50689717,HSEIPly_109,,{2159C75E-BADF-4317-9D9E-E98A84669A8A},,,,,0,0
171,007709,11001007709,1400000US11001007709,"Census Tract 77.09, District of Columbia, District of Columbia",132,2157,98.9,5.1,13.4,60,27.8,0.5,13,7.4,38.4,0.53736678,0.29213065,0.70786935,27.01847266,34.44621313,0.47401158,0.50568918,HSEIPly_132,,{2A174329-2D7E-411A-BE53-CD76076226CF},,,,,0,0
172,007707,11001007707,1400000US11001007707,"Census Tract 77.07, District of Columbia, District of Columbia",130,4557,97.7,15.8,12.3,59,22.4,0,13.4,8,37.7,0.58059707,0.29066909,0.70933091,41.03266903,34.59154643,0.53958259,0.56008983,HSEIPly_130,,{F73861A2-1AA6-41C8-9A30-8CB376ED8D72},,,,,0,0
173,007202,11001007202,1400000US11001007202,"Census Tract 72.02, District of Columbia, District of Columbia",111,3180,18.6,2.2,1.2,3,3.5,0.4,8.7,2,20.4,0.0677291,0.074927,0.925073,58.9500498,34.89862072,0.45565915,0.26169412,HSEIPly_111,,{699148AC-CC9C-4E9E-AB4C-59694AC00AFA},,,,,0,0
174,009902,11001009902,1400000US11001009902,"Census Tract 99.02, District of Columbia, District of Columbia",185,3495,97.5,5.2,11.3,19,13.5,2.4,12,6.8,33.8,0.40740741,0.61710855,0.38289145,20.57418511,33.40521856,0.24357971,0.32549356,HSEIPly_185,,{5DD3A20C-235F-4804-B31C-FFDB20D8084B},,,,,0,0
175,007203,11001007203,1400000US11001007203,"Census Tract 72.03, District of Columbia, District of Columbia",112,2514,39.9,11.1,11.3,7,7.3,0.5,8.7,2,20.4,0.19064047,0.11090444,0.88909556,58.9500498,35.02672654,0.69900955,0.44482501,HSEIPly_112,,{E446D8F6-D981-446B-BF56-457CFC0BE0A0},,,,,0,0
176,010201,11001010201,1400000US11001010201,"Census Tract 102.01, District of Columbia, District of Columbia",192,2297,46.3,0,13.1,12,9.4,1.2,9.2,3.6,22.6,0.1856036,0.30453872,0.69546128,60.03826516,34.6521006,0.60802589,0.39681475,HSEIPly_192,,{998C2068-CB28-48C4-9A8A-6547BA60DC54},,,,,0,0
177,011002,11001011002,1400000US11001011002,"Census Tract 110.02, District of Columbia, District of Columbia",204,1760,32,0,31.8,10,20.5,0,9.3,4.8,24,0.26751792,0.09849671,0.90150329,29.35986182,33.87445,0.46287946,0.36519869,HSEIPly_204,,{62B4A6CB-BD48-402F-9F3A-0B747E74A22B},,,,,0,0
178,007601,11001007601,1400000US11001007601,"Census Tract 76.01, District of Columbia, District of Columbia",125,5316,90.8,11,11.4,49,18,1.1,13,6.9,37,0.50284202,0.16949462,0.83050538,40.16928771,34.61175723,0.57013953,0.53649078,HSEIPly_125,,{87F3F2DA-B5DE-4099-9F03-794F58A63380},,,,,0,0
179,007201,11001007201,1400000US11001007201,"Census Tract 72.01, District of Columbia, District of Columbia",110,1473,34.4,0,1,4,0,0,8.7,2,20.4,0.06341309,0.03895049,0.96104951,58.9500498,34.62796648,0.66951007,0.36646158,HSEIPly_110,,{2D0AA0F9-C458-4F34-B973-CD4CAECC384F},,,,,0,0
180,006400,11001006400,1400000US11001006400,"Census Tract 64, District of Columbia, District of Columbia",100,2602,82.1,13.1,12,59,22.4,2.2,13.8,6.9,36.2,0.54084205,0.10252362,0.89747639,36.2397709,34.60550546,0.57317704,0.55700954,HSEIPly_100,,{188B66BE-41CA-400E-B1DE-E731B2D3566B},,,,,0,0
181,011001,11001011001,1400000US11001011001,"Census Tract 110.01, District of Columbia, District of Columbia",203,2345,53.2,0.7,15,10,11.4,0,9.3,4.8,24,0.22150123,0.41922321,0.58077679,29.35986182,34.39097641,0.44275875,0.33212999,HSEIPly_203,,{C2E0E8D7-38BF-42C1-907D-16CFABD6B338},,,,,0,0
182,007604,11001007604,1400000US11001007604,"Census Tract 76.04, District of Columbia, District of Columbia",127,4380,95.9,8.1,13.7,29,16.9,0.5,12.2,6.5,35.7,0.45225163,0.50164339,0.49835661,28.286469,33.87906064,0.35641971,0.40433567,HSEIPly_127,,{1A20EF04-F64D-45D8-A421-9431F1C254AC},,,,,0,0
183,007401,11001007401,1400000US11001007401,"Census Tract 74.01, District of Columbia, District of Columbia",115,1525,96.5,10.4,21.8,75,19.4,4.4,17.2,7.1,43.5,0.65962014,0.19262551,0.80737449,29.28758129,34.47893506,0.51118407,0.58540211,HSEIPly_115,,{FDAADDC2-31EC-4A18-8A42-854F54A6D4F1},,,,,0,0
184,007301,11001007301,1400000US11001007301,"Census Tract 73.01, District of Columbia, District of Columbia",113,5031,45.9,19.5,1.9,26,10.5,0,9.7,1.4,21.9,0.26284072,0.06397302,0.93602698,21.72435792,33.92625326,0.45195898,0.35739985,HSEIPly_113,,{53B56A60-F2F7-487B-BD81-345127069374},,,,,0,0
185,007503,11001007503,1400000US11001007503,"Census Tract 75.03, District of Columbia, District of Columbia",123,2716,91.8,12.8,8.1,50,13.8,0,14.6,7,40.2,0.52251925,0.24811126,0.75188874,51.36703804,34.65585309,0.5934166,0.55796792,HSEIPly_123,,{1F4F526D-029C-4822-9831-654A330D6FF2},,,,,0,0
186,007605,11001007605,1400000US11001007605,"Census Tract 76.05, District of Columbia, District of Columbia",128,4170,96,6.1,23.4,44,29.2,2.2,13.7,7,39.6,0.56940191,0.38729692,0.61270308,39.9862316,34.10484683,0.45272477,0.51106334,HSEIPly_128,,{4CB7B7B6-8CA7-4757-90EC-3C7F197D8DE5},,,,,0,0
187,007504,11001007504,1400000US11001007504,"Census Tract 75.04, District of Columbia, District of Columbia",124,2741,99.4,12.3,8.5,63,18.4,1.7,15.2,7.5,42.5,0.58668834,0.57156439,0.42843561,20.40066919,33.53966546,0.27083145,0.42875989,HSEIPly_124,,{E2EC682B-11E4-40EC-AF56-A618DBAD6F38},,,,,0,0
188,007603,11001007603,1400000US11001007603,"Census Tract 76.03, District of Columbia, District of Columbia",126,4099,97.6,13,18.9,37,11,0,12.9,6.8,35.9,0.49839783,0.45156035,0.54843965,34.21927032,33.97863084,0.40143486,0.44991634,HSEIPly_126,,{3B5369B2-CC06-45E4-8C83-81506DE6DAE4},,,,,0,0
189,007407,11001007407,1400000US11001007407,"Census Tract 74.07, District of Columbia, District of Columbia",119,3359,97.7,6.5,7.6,54,16.6,0,13.8,5.9,38.6,0.48027974,0.40248167,0.59751833,35.46733035,34.24819742,0.4506804,0.46548007,HSEIPly_119,,{6BE55864-F3CA-4736-96EF-E52DDF2D1BAA},,,,,0,0
190,007502,11001007502,1400000US11001007502,"Census Tract 75.02, District of Columbia, District of Columbia",122,5615,99.2,9.1,13.1,60,22.8,0,14.7,8.1,41,0.57964508,0.37788619,0.62211381,45.42071012,34.26090983,0.49240815,0.53602662,HSEIPly_122,,{778381B0-65AC-43DB-9B10-C7BAE0860E48},,,,,0,0
191,010400,11001010400,1400000US11001010400,"Census Tract 104, District of Columbia, District of Columbia",195,4995,90.9,5.3,9.6,46,13.2,1.3,13.6,7.5,41,0.47630229,0.34901716,0.65098284,29.22032053,34.47253682,0.47008991,0.4731961,HSEIPly_195,,{04D82796-1EDF-4413-8D64-86BD7EA24526},,,,,0,0
192,007406,11001007406,1400000US11001007406,"Census Tract 74.06, District of Columbia, District of Columbia",118,4201,99.9,16.2,1.6,70,7.6,2.1,16,5.3,41.6,0.5504032,0.3844848,0.6155152,41.11603116,34.56692084,0.51285293,0.53162807,HSEIPly_118,,{A78B562E-938C-4F1F-A922-081C8BA9C30C},,,,,0,0
193,007408,11001007408,1400000US11001007408,"Census Tract 74.08, District of Columbia, District of Columbia",120,3128,97.5,12.6,6.3,77,10.5,3.3,15.4,6.8,43.3,0.5745724,0.48631865,0.51368135,39.58758218,33.87115763,0.39788114,0.48622677,HSEIPly_120,,{FFC2A3D4-F6B4-451D-B92D-B3AEEC5DD8AB},,,,,0,0
194,007404,11001007404,1400000US11001007404,"Census Tract 74.04, District of Columbia, District of Columbia",117,4134,96.3,8.7,7.3,31,12.5,0,13.2,3.5,34.3,0.40417954,0.32223768,0.67776233,33.92132603,34.23628179,0.46455619,0.43436786,HSEIPly_117,,{ED998EA5-AA60-4514-A2AA-3AF1C1297623},,,,,0,0
195,007403,11001007403,1400000US11001007403,"Census Tract 74.03, District of Columbia, District of Columbia",116,2709,100,1.4,3.5,60,18.1,2.1,14.4,5,38.6,0.45971553,0.37018216,0.62981784,35.5813492,34.07939551,0.43905281,0.44938417,HSEIPly_116,,{EE4AFD84-A68C-4400-A9EF-F9F70C6360F8},,,,,0,0
196,007409,11001007409,1400000US11001007409,"Census Tract 74.09, District of Columbia, District of Columbia",121,4377,99.8,14.7,7.5,69,14.4,0.7,15.1,5.6,39.2,0.55678344,0.36315138,0.63684862,39.6418662,34.04785416,0.45088976,0.5038366,HSEIPly_121,,{4EC5B53C-A3F5-4A61-8274-DDF177F07CE1},,,,,0,0
197,007304,11001007304,1400000US11001007304,"Census Tract 73.04, District of Columbia, District of Columbia",114,4323,95.7,8.2,9.8,52,16,1.6,14.9,7.6,40,0.52872451,0.49749421,0.50250579,28.43210446,34.0140319,0.3742084,0.45146645,HSEIPly_114,,{D8DB0707-D2C5-4C1F-BE43-52083BAADBF3},,,,,0,0
198,009804,11001009804,1400000US11001009804,"Census Tract 98.04, District of Columbia, District of Columbia",180,2661,98.7,9.4,7.8,51,12.1,0.6,14.1,6.3,39.1,0.49143803,0.29476821,0.70523179,42.38534076,34.65554872,0.55083345,0.52113574,HSEIPly_180,,{F46F5135-E569-4DEA-86B6-88FDF8C78AF4},,,,,0,0
199,009803,11001009803,1400000US11001009803,"Census Tract 98.03, District of Columbia, District of Columbia",179,3153,98.5,3.8,10.6,47,23.4,0,13.8,6.2,39.6,0.49470935,0.22904304,0.77095696,45.14459793,34.40277066,0.54668584,0.52069759,HSEIPly_179,,{8C091F7D-6B7B-4421-B63E-4CEFAD571679},,,,,0,0
200,009807,11001009807,1400000US11001009807,"Census Tract 98.07, District of Columbia, District of Columbia",181,3514,96.9,7.9,20,31,27.9,0.8,12.6,6.3,37.4,0.51927986,0.39545627,0.60454373,27.70173362,33.79140662,0.37111332,0.44519659,HSEIPly_181,,{4E91F432-C84A-4D94-ACF1-40C8443824DD},,,,,0,0
201,009700,11001009700,1400000US11001009700,"Census Tract 97, District of Columbia, District of Columbia",176,3279,98,6.3,15.8,52,17.2,0,14.5,7.2,40.7,0.53104253,0.26204987,0.73795013,42.95565897,34.47089421,0.53896092,0.53500173,HSEIPly_176,,{BB49C6A8-682A-4D49-AFDC-4CD100E0E808},,,,,0,0
202,009801,11001009801,1400000US11001009801,"Census Tract 98.01, District of Columbia, District of Columbia",177,2056,98.7,6.9,25.6,73,35,0.7,14.7,7.7,40.2,0.65094658,0.27886173,0.72113827,31.61916699,34.44937562,0.49346009,0.57220333,HSEIPly_177,,{13F8D3B4-1B3D-4435-8AE1-CCE499FCC441},,,,,0,0
203,009802,11001009802,1400000US11001009802,"Census Tract 98.02, District of Columbia, District of Columbia",178,2080,99.2,10.8,26,51,26.5,1,15.7,7.1,43,0.64146299,0.13265271,0.86734729,40.86550414,34.89224172,0.61568143,0.62857221,HSEIPly_178,,{D90A26FD-2F3C-42D0-99C5-CCDBBE2CF3EA},,,,,0,0
204,009810,11001009810,1400000US11001009810,"Census Tract 98.10, District of Columbia, District of Columbia",182,2750,99.9,5.3,6.7,54,14.1,4.4,13.9,5.1,38.5,0.47257402,0.33570874,0.66429126,36.45771871,34.31754513,0.47951057,0.47604229,HSEIPly_182,,{3B5D18A4-465F-45E6-A260-DA67CB0C84CF},,,,,0,0
205,009811,11001009811,1400000US11001009811,"Census Tract 98.11, District of Columbia, District of Columbia",183,4437,99.1,7.3,8.1,51,13.9,0,15.2,6.1,41.1,0.50517876,0.22783991,0.77216009,46.2562216,34.40034013,0.55048737,0.52783306,HSEIPly_183,,{098FA9F0-2277-467B-8E31-12A55B7CD7CC},,,,,0,0
206,010900,11001010900,1400000US11001010900,"Census Tract 109, District of Columbia, District of Columbia",202,3400,98.4,14.6,7.9,53,17.9,0,14.3,4.6,36.2,0.51510818,0.13027618,0.86972382,19.21791485,33.86672699,0.41926769,0.46718794,HSEIPly_202,,{8CCFED52-EF46-4041-BFCC-E85705143A25},,,,,0,0
