<?xml version="1.0" encoding="UTF-8"?><metadata>
    <idinfo>
        <citation>
            <citeinfo>
                <origin/>
                <pubdate>20240329</pubdate>
                <title>ACS Social Characteristics of DC Census Tracts</title>
                <geoform>vector digital data</geoform>
                <pubinfo>
                    <pubplace/>
                    <publish>Office of the Chief Technology Officer</publish>
                </pubinfo>
            </citeinfo>
        </citation>
        <descript>
            <abstract>Household type, Education, Disability, Language, Computer/Internet Use, and more. This service is updated annually with American Community Survey (ACS) 5-year data. Contact: District of Columbia, Office of Planning. Email: planning@dc.gov. Geography: Census Tracts. Current Vintage: 2018-2022. ACS Table(s): DP02. Data downloaded from: Census Bureau's API for American Community Survey. Date of API call: January 2, 2024. National Figures: data.census.gov. Please cite the Census and ACS when using this data. Data Note from the Census: Data are based on a sample and are subject to sampling variability. The degree of uncertainty for an estimate arising from sampling variability is represented through the use of a margin of error. The value shown here is the 90 percent margin of error. The margin of error can be interpreted as providing a 90 percent probability that the interval defined by the estimate minus the margin of error and the estimate plus the margin of error (the lower and upper confidence bounds) contains the true value. In addition to sampling variability, the ACS estimates are subject to nonsampling error (for a discussion of nonsampling variability, see Accuracy of the Data). The effect of nonsampling error is not represented in these tables. Data Processing Notes: This layer is updated automatically when the most current vintage of ACS data is released each year, usually in December. The layer always contains the latest available ACS 5-year estimates. It is updated annually within days of the Census Bureau's release schedule. Boundaries come from the US Census TIGER geodatabases. Boundaries are updated at the same time as the data updates (annually), and the boundary vintage appropriately matches the data vintage as specified by the Census. These are Census boundaries with water and/or coastlines clipped for cartographic purposes. For census tracts, the water cutouts are derived from a subset of the 2020 AWATER (Area Water) boundaries offered by TIGER. For state and county boundaries, the water and coastlines are derived from the coastlines of the 500k TIGER Cartographic Boundary Shapefiles. The original AWATER and ALAND fields are still available as attributes within the data table (units are square meters). Field alias names were created based on the Table Shells file available from the American Community Survey Summary File Documentation page. Data processed using R statistical package and ArcGIS Desktop. Margin of Error was not included in this layer but is available from the Census Bureau. Contact the Office of Planning for more information about obtaining Margin of Error values.</abstract>
            <purpose>This layer contains the most current release of data from the American Community Survey (ACS) about social characteristics. These are 5-year estimates shown by 2020 Census Tract boundaries.</purpose>
        </descript>
        <status>
            <update>Annually</update>
        </status>
        <spdom>
            <bounding>
                <westbc>-77.119862</westbc>
                <eastbc>-76.909262</eastbc>
                <northbc>38.995852</northbc>
                <southbc>38.79159</southbc>
            </bounding>
        </spdom>
        <keywords>
            <theme>
                <themekt>None</themekt>
                <themekey>ACS</themekey>
                <themekey>American Community Survey</themekey>
                <themekey>Census Bureau</themekey>
                <themekey>census tract</themekey>
                <themekey>computer</themekey>
                <themekey>disability</themekey>
                <themekey>District of Columbia</themekey>
                <themekey>education</themekey>
                <themekey>household</themekey>
                <themekey>internet use</themekey>
                <themekey>language</themekey>
                <themekey>OP</themekey>
                <themekey>social characteristics</themekey>
                <themekey>Washington DC</themekey>
            </theme>
        </keywords>
        <accconst>Other Constraints</accconst>
        <useconst>This work is licensed under a Creative Commons Attribution 4.0 International License.</useconst>
        <ptcontac>
            <cntinfo>
                <cntorgp>
                    <cntorg>Office of Planning</cntorg>
                    <cntper>State Data Center</cntper>
                </cntorgp>
                <cntpos>Demographic Specialist</cntpos>
                <cntaddr>
                    <addrtype>mailing and physical</addrtype>
                    <address>1100 4th Street, SW, Suite 650 East</address>
                    <city>Washington</city>
                    <state>DC</state>
                    <postal>20024</postal>
                    <country>US</country>
                </cntaddr>
                <cntvoice>(202) 442-7600</cntvoice>
                <cntfax>(202) 442-7638</cntfax>
                <cntemail>planning@dc.gov</cntemail>
                <hours>8:30 am to 5 pm</hours>
            </cntinfo>
        </ptcontac>
        <ptcontac>
            <cntinfo>
                <cntorgp>
                    <cntorg>Office of the Chief Technology Officer</cntorg>
                </cntorgp>
                <cntpos>GIS Data Coordinator</cntpos>
                <cntaddr>
                    <addrtype>mailing and physical</addrtype>
                    <address>200 I Street, SE</address>
                    <city>Washington</city>
                    <state>DC</state>
                    <postal>20003</postal>
                    <country>US</country>
                </cntaddr>
                <cntvoice>(202) 727-2277</cntvoice>
                <cntfax>(202) 727-6857</cntfax>
                <cntemail>octo@dc.gov</cntemail>
                <hours>8:30 am to 5:30 pm</hours>
            </cntinfo>
        </ptcontac>
        <datacred>Office of Planning</datacred>
        <native>Esri ArcGIS 13.1.3.41833</native>
    </idinfo>
    <spdoinfo>
        <direct>Vector</direct>
        <ptvctinf>
            <sdtsterm>
                <sdtstype>GT-polygon composed of chains</sdtstype>
                <ptvctcnt>0</ptvctcnt>
            </sdtsterm>
        </ptvctinf>
    </spdoinfo>
    <eainfo>
        <detailed>
            <enttyp>
                <enttypl>DCGIS.ACS_Social_DC_CensusTract</enttypl>
                <enttypd>Feature Class</enttypd>
                <enttypds>OP</enttypds>
            </enttyp>
            <attr>
                <attrlabl>OBJECTID</attrlabl>
                <attrdef>Internal feature number.</attrdef>
                <attrdefs>Esri</attrdefs>
                <attrdomv>
                                        					
                    
                    <udom>Sequential unique whole numbers that are automatically generated.</udom>
                                        				
                
                </attrdomv>
            </attr>
            <attr>
                <attrlabl>Shape</attrlabl>
                <attrdef>Feature geometry.</attrdef>
                <attrdefs>Esri</attrdefs>
                <attrdomv>
                                        					
                    
                    <udom>Coordinates defining the features.</udom>
                                        				
                
                </attrdomv>
            </attr>
            <attr>
                <attrlabl>NAME20</attrlabl>
                <attrdef>NAME20</attrdef>
                <attrdefs>OP</attrdefs>
            </attr>
            <attr>
                <attrlabl>ALAND20</attrlabl>
                <attrdef>Land area</attrdef>
                <attrdefs>OP</attrdefs>
            </attr>
            <attr>
                <attrlabl>AWATER20</attrlabl>
                <attrdef>Water area</attrdef>
                <attrdefs>OP</attrdefs>
            </attr>
            <attr>
                <attrlabl>GEOID</attrlabl>
                <attrdef>GEOID</attrdef>
                <attrdefs>OP</attrdefs>
            </attr>
            <attr>
                <attrlabl>NAME</attrlabl>
                <attrdef>NAME</attrdef>
                <attrdefs>OP</attrdefs>
            </attr>
            <attr>
                <attrlabl>DP02_0001E</attrlabl>
                <attrdef>HOUSEHOLDS BY TYPE:  Total households</attrdef>
                <attrdefs>OP</attrdefs>
            </attr>
            <attr>
                <attrlabl>DP02_0002E</attrlabl>
                <attrdef>HOUSEHOLDS BY TYPE:  Total households:  Married-couple household</attrdef>
                <attrdefs>OP</attrdefs>
            </attr>
            <attr>
                <attrlabl>DP02_0003E</attrlabl>
                <attrdef>HOUSEHOLDS BY TYPE:  Total households:  Married-couple household:  With children of the householder under 18 years</attrdef>
                <attrdefs>OP</attrdefs>
            </attr>
            <attr>
                <attrlabl>DP02_0004E</attrlabl>
                <attrdef>HOUSEHOLDS BY TYPE:  Total households:  Cohabiting couple household</attrdef>
                <attrdefs>OP</attrdefs>
            </attr>
            <attr>
                <attrlabl>DP02_0005E</attrlabl>
                <attrdef>HOUSEHOLDS BY TYPE:  Total households:  Cohabiting couple household:  With children of the householder under 18 years</attrdef>
                <attrdefs>OP</attrdefs>
            </attr>
            <attr>
                <attrlabl>DP02_0006E</attrlabl>
                <attrdef>HOUSEHOLDS BY TYPE:  Total households:  Male householder, no spouse/partner present</attrdef>
                <attrdefs>OP</attrdefs>
            </attr>
            <attr>
                <attrlabl>DP02_0007E</attrlabl>
                <attrdef>HOUSEHOLDS BY TYPE:  Total households:  Male householder, no spouse/partner present:  With children of the householder under 18 years</attrdef>
                <attrdefs>OP</attrdefs>
            </attr>
            <attr>
                <attrlabl>DP02_0008E</attrlabl>
                <attrdef>HOUSEHOLDS BY TYPE:  Total households:  Male householder, no spouse/partner present:  Householder living alone</attrdef>
                <attrdefs>OP</attrdefs>
            </attr>
            <attr>
                <attrlabl>DP02_0009E</attrlabl>
                <attrdef>HOUSEHOLDS BY TYPE:  Total households:  Male householder, no spouse/partner present:  Householder living alone:  65 years and over</attrdef>
                <attrdefs>OP</attrdefs>
            </attr>
            <attr>
                <attrlabl>DP02_0010E</attrlabl>
                <attrdef>HOUSEHOLDS BY TYPE:  Total households:  Female householder, no spouse/partner present</attrdef>
                <attrdefs>OP</attrdefs>
            </attr>
            <attr>
                <attrlabl>DP02_0011E</attrlabl>
                <attrdef>HOUSEHOLDS BY TYPE:  Total households:  Female householder, no spouse/partner present:  With children of the householder under 18 years</attrdef>
                <attrdefs>OP</attrdefs>
            </attr>
            <attr>
                <attrlabl>DP02_0012E</attrlabl>
                <attrdef>HOUSEHOLDS BY TYPE:  Total households:  Female householder, no spouse/partner present:  Householder living alone</attrdef>
                <attrdefs>OP</attrdefs>
            </attr>
            <attr>
                <attrlabl>DP02_0013E</attrlabl>
                <attrdef>HOUSEHOLDS BY TYPE:  Total households:  Female householder, no spouse/partner present:  Householder living alone:  65 years and over</attrdef>
                <attrdefs>OP</attrdefs>
            </attr>
            <attr>
                <attrlabl>DP02_0014E</attrlabl>
                <attrdef>HOUSEHOLDS BY TYPE:  Total households:  Households with one or more people under 18 years</attrdef>
                <attrdefs>OP</attrdefs>
            </attr>
            <attr>
                <attrlabl>DP02_0015E</attrlabl>
                <attrdef>HOUSEHOLDS BY TYPE:  Total households:  Households with one or more people 65 years and over</attrdef>
                <attrdefs>OP</attrdefs>
            </attr>
            <attr>
                <attrlabl>DP02_0016E</attrlabl>
                <attrdef>HOUSEHOLDS BY TYPE:  Total households:  Average household size</attrdef>
                <attrdefs>OP</attrdefs>
            </attr>
            <attr>
                <attrlabl>DP02_0017E</attrlabl>
                <attrdef>HOUSEHOLDS BY TYPE:  Total households:  Average family size</attrdef>
                <attrdefs>OP</attrdefs>
            </attr>
            <attr>
                <attrlabl>DP02_0018E</attrlabl>
                <attrdef>RELATIONSHIP:  Population in households</attrdef>
                <attrdefs>OP</attrdefs>
            </attr>
            <attr>
                <attrlabl>DP02_0019E</attrlabl>
                <attrdef>RELATIONSHIP:  Population in households:  Householder</attrdef>
                <attrdefs>OP</attrdefs>
            </attr>
            <attr>
                <attrlabl>DP02_0020E</attrlabl>
                <attrdef>RELATIONSHIP:  Population in households:  Spouse</attrdef>
                <attrdefs>OP</attrdefs>
            </attr>
            <attr>
                <attrlabl>DP02_0021E</attrlabl>
                <attrdef>RELATIONSHIP:  Population in households:  Unmarried partner</attrdef>
                <attrdefs>OP</attrdefs>
            </attr>
            <attr>
                <attrlabl>DP02_0022E</attrlabl>
                <attrdef>RELATIONSHIP:  Population in households:  Child</attrdef>
                <attrdefs>OP</attrdefs>
            </attr>
            <attr>
                <attrlabl>DP02_0023E</attrlabl>
                <attrdef>RELATIONSHIP:  Population in households:  Other relatives</attrdef>
                <attrdefs>OP</attrdefs>
            </attr>
            <attr>
                <attrlabl>DP02_0024E</attrlabl>
                <attrdef>RELATIONSHIP:  Population in households:  Other nonrelatives</attrdef>
                <attrdefs>OP</attrdefs>
            </attr>
            <attr>
                <attrlabl>DP02_0025E</attrlabl>
                <attrdef>MARITAL STATUS:  Males 15 years and over</attrdef>
                <attrdefs>OP</attrdefs>
            </attr>
            <attr>
                <attrlabl>DP02_0026E</attrlabl>
                <attrdef>MARITAL STATUS:  Males 15 years and over:  Never married</attrdef>
                <attrdefs>OP</attrdefs>
            </attr>
            <attr>
                <attrlabl>DP02_0027E</attrlabl>
                <attrdef>MARITAL STATUS:  Males 15 years and over:  Now married, except separated</attrdef>
                <attrdefs>OP</attrdefs>
            </attr>
            <attr>
                <attrlabl>DP02_0028E</attrlabl>
                <attrdef>MARITAL STATUS:  Males 15 years and over:  Separated</attrdef>
                <attrdefs>OP</attrdefs>
            </attr>
            <attr>
                <attrlabl>DP02_0029E</attrlabl>
                <attrdef>MARITAL STATUS:  Males 15 years and over:  Widowed</attrdef>
                <attrdefs>OP</attrdefs>
            </attr>
            <attr>
                <attrlabl>DP02_0030E</attrlabl>
                <attrdef>MARITAL STATUS:  Males 15 years and over:  Divorced</attrdef>
                <attrdefs>OP</attrdefs>
            </attr>
            <attr>
                <attrlabl>DP02_0031E</attrlabl>
                <attrdef>MARITAL STATUS:  Females 15 years and over</attrdef>
                <attrdefs>OP</attrdefs>
            </attr>
            <attr>
                <attrlabl>DP02_0032E</attrlabl>
                <attrdef>MARITAL STATUS:  Females 15 years and over:  Never married</attrdef>
                <attrdefs>OP</attrdefs>
            </attr>
            <attr>
                <attrlabl>DP02_0033E</attrlabl>
                <attrdef>MARITAL STATUS:  Females 15 years and over:  Now married, except separated</attrdef>
                <attrdefs>OP</attrdefs>
            </attr>
            <attr>
                <attrlabl>DP02_0034E</attrlabl>
                <attrdef>MARITAL STATUS:  Females 15 years and over:  Separated</attrdef>
                <attrdefs>OP</attrdefs>
            </attr>
            <attr>
                <attrlabl>DP02_0035E</attrlabl>
                <attrdef>MARITAL STATUS:  Females 15 years and over:  Widowed</attrdef>
                <attrdefs>OP</attrdefs>
            </attr>
            <attr>
                <attrlabl>DP02_0036E</attrlabl>
                <attrdef>MARITAL STATUS:  Females 15 years and over:  Divorced</attrdef>
                <attrdefs>OP</attrdefs>
            </attr>
            <attr>
                <attrlabl>DP02_0037E</attrlabl>
                <attrdef>FERTILITY:  Number of women 15 to 50 years old who had a birth in the past 12 months</attrdef>
                <attrdefs>OP</attrdefs>
            </attr>
            <attr>
                <attrlabl>DP02_0038E</attrlabl>
                <attrdef>FERTILITY:  Number of women 15 to 50 years old who had a birth in the past 12 months:  Unmarried women (widowed, divorced, and never married)</attrdef>
                <attrdefs>OP</attrdefs>
            </attr>
            <attr>
                <attrlabl>DP02_0039E</attrlabl>
                <attrdef>FERTILITY:  Number of women 15 to 50 years old who had a birth in the past 12 months:  Unmarried women (widowed, divorced, and never married):  Per 1,000 unmarried women</attrdef>
                <attrdefs>OP</attrdefs>
            </attr>
            <attr>
                <attrlabl>DP02_0040E</attrlabl>
                <attrdef>FERTILITY:  Number of women 15 to 50 years old who had a birth in the past 12 months:  Per 1,000 women 15 to 50 years old</attrdef>
                <attrdefs>OP</attrdefs>
            </attr>
            <attr>
                <attrlabl>DP02_0041E</attrlabl>
                <attrdef>FERTILITY:  Number of women 15 to 50 years old who had a birth in the past 12 months:  Per 1,000 women 15 to 19 years old</attrdef>
                <attrdefs>OP</attrdefs>
            </attr>
            <attr>
                <attrlabl>DP02_0042E</attrlabl>
                <attrdef>FERTILITY:  Number of women 15 to 50 years old who had a birth in the past 12 months:  Per 1,000 women 20 to 34 years old</attrdef>
                <attrdefs>OP</attrdefs>
            </attr>
            <attr>
                <attrlabl>DP02_0043E</attrlabl>
                <attrdef>FERTILITY:  Number of women 15 to 50 years old who had a birth in the past 12 months:  Per 1,000 women 35 to 50 years old</attrdef>
                <attrdefs>OP</attrdefs>
            </attr>
            <attr>
                <attrlabl>DP02_0044E</attrlabl>
                <attrdef>GRANDPARENTS:  Number of grandparents living with own grandchildren under 18 years</attrdef>
                <attrdefs>OP</attrdefs>
            </attr>
            <attr>
                <attrlabl>DP02_0045E</attrlabl>
                <attrdef>GRANDPARENTS:  Number of grandparents living with own grandchildren under 18 years:  Grandparents responsible for grandchildren</attrdef>
                <attrdefs>OP</attrdefs>
            </attr>
            <attr>
                <attrlabl>DP02_0046E</attrlabl>
                <attrdef>GRANDPARENTS:  Number of grandparents living with own grandchildren under 18 years:  Years responsible for grandchildren:  Less than 1 year</attrdef>
                <attrdefs>OP</attrdefs>
            </attr>
            <attr>
                <attrlabl>DP02_0047E</attrlabl>
                <attrdef>GRANDPARENTS:  Number of grandparents living with own grandchildren under 18 years:  Years responsible for grandchildren:  1 or 2 years</attrdef>
                <attrdefs>OP</attrdefs>
            </attr>
            <attr>
                <attrlabl>DP02_0048E</attrlabl>
                <attrdef>GRANDPARENTS:  Number of grandparents living with own grandchildren under 18 years:  Years responsible for grandchildren:  3 or 4 years</attrdef>
                <attrdefs>OP</attrdefs>
            </attr>
            <attr>
                <attrlabl>DP02_0049E</attrlabl>
                <attrdef>GRANDPARENTS:  Number of grandparents living with own grandchildren under 18 years:  Years responsible for grandchildren:  5 or more years</attrdef>
                <attrdefs>OP</attrdefs>
            </attr>
            <attr>
                <attrlabl>DP02_0050E</attrlabl>
                <attrdef>GRANDPARENTS:  Number of grandparents responsible for own grandchildren under 18 years</attrdef>
                <attrdefs>OP</attrdefs>
            </attr>
            <attr>
                <attrlabl>DP02_0051E</attrlabl>
                <attrdef>GRANDPARENTS:  Number of grandparents responsible for own grandchildren under 18 years:  Who are female</attrdef>
                <attrdefs>OP</attrdefs>
            </attr>
            <attr>
                <attrlabl>DP02_0052E</attrlabl>
                <attrdef>GRANDPARENTS:  Number of grandparents responsible for own grandchildren under 18 years:  Who are married</attrdef>
                <attrdefs>OP</attrdefs>
            </attr>
            <attr>
                <attrlabl>DP02_0053E</attrlabl>
                <attrdef>SCHOOL ENROLLMENT:  Population 3 years and over enrolled in school</attrdef>
                <attrdefs>OP</attrdefs>
            </attr>
            <attr>
                <attrlabl>DP02_0054E</attrlabl>
                <attrdef>SCHOOL ENROLLMENT:  Population 3 years and over enrolled in school:  Nursery school, preschool</attrdef>
                <attrdefs>OP</attrdefs>
            </attr>
            <attr>
                <attrlabl>DP02_0055E</attrlabl>
                <attrdef>SCHOOL ENROLLMENT:  Population 3 years and over enrolled in school:  Kindergarten</attrdef>
                <attrdefs>OP</attrdefs>
            </attr>
            <attr>
                <attrlabl>DP02_0056E</attrlabl>
                <attrdef>SCHOOL ENROLLMENT:  Population 3 years and over enrolled in school:  Elementary school (grades 1-8)</attrdef>
                <attrdefs>OP</attrdefs>
            </attr>
            <attr>
                <attrlabl>DP02_0057E</attrlabl>
                <attrdef>SCHOOL ENROLLMENT:  Population 3 years and over enrolled in school:  High school (grades 9-12)</attrdef>
                <attrdefs>OP</attrdefs>
            </attr>
            <attr>
                <attrlabl>DP02_0058E</attrlabl>
                <attrdef>SCHOOL ENROLLMENT:  Population 3 years and over enrolled in school:  College or graduate school</attrdef>
                <attrdefs>OP</attrdefs>
            </attr>
            <attr>
                <attrlabl>DP02_0059E</attrlabl>
                <attrdef>EDUCATIONAL ATTAINMENT:  Population 25 years and over</attrdef>
                <attrdefs>OP</attrdefs>
            </attr>
            <attr>
                <attrlabl>DP02_0060E</attrlabl>
                <attrdef>EDUCATIONAL ATTAINMENT:  Population 25 years and over:  Less than 9th grade</attrdef>
                <attrdefs>OP</attrdefs>
            </attr>
            <attr>
                <attrlabl>DP02_0061E</attrlabl>
                <attrdef>EDUCATIONAL ATTAINMENT:  Population 25 years and over:  9th to 12th grade, no diploma</attrdef>
                <attrdefs>OP</attrdefs>
            </attr>
            <attr>
                <attrlabl>DP02_0062E</attrlabl>
                <attrdef>EDUCATIONAL ATTAINMENT:  Population 25 years and over:  High school graduate (includes equivalency)</attrdef>
                <attrdefs>OP</attrdefs>
            </attr>
            <attr>
                <attrlabl>DP02_0063E</attrlabl>
                <attrdef>EDUCATIONAL ATTAINMENT:  Population 25 years and over:  Some college, no degree</attrdef>
                <attrdefs>OP</attrdefs>
            </attr>
            <attr>
                <attrlabl>DP02_0064E</attrlabl>
                <attrdef>EDUCATIONAL ATTAINMENT:  Population 25 years and over:  Associate's degree</attrdef>
                <attrdefs>OP</attrdefs>
            </attr>
            <attr>
                <attrlabl>DP02_0065E</attrlabl>
                <attrdef>EDUCATIONAL ATTAINMENT:  Population 25 years and over:  Bachelor's degree</attrdef>
                <attrdefs>OP</attrdefs>
            </attr>
            <attr>
                <attrlabl>DP02_0066E</attrlabl>
                <attrdef>EDUCATIONAL ATTAINMENT:  Population 25 years and over:  Graduate or professional degree</attrdef>
                <attrdefs>OP</attrdefs>
            </attr>
            <attr>
                <attrlabl>DP02_0067E</attrlabl>
                <attrdef>EDUCATIONAL ATTAINMENT:  Population 25 years and over:  High school graduate or higher</attrdef>
                <attrdefs>OP</attrdefs>
            </attr>
            <attr>
                <attrlabl>DP02_0068E</attrlabl>
                <attrdef>EDUCATIONAL ATTAINMENT:  Population 25 years and over:  Bachelor's degree or higher</attrdef>
                <attrdefs>OP</attrdefs>
            </attr>
            <attr>
                <attrlabl>DP02_0069E</attrlabl>
                <attrdef>VETERAN STATUS:  Civilian population 18 years and over</attrdef>
                <attrdefs>OP</attrdefs>
            </attr>
            <attr>
                <attrlabl>DP02_0070E</attrlabl>
                <attrdef>VETERAN STATUS:  Civilian population 18 years and over:  Civilian veterans</attrdef>
                <attrdefs>OP</attrdefs>
            </attr>
            <attr>
                <attrlabl>DP02_0071E</attrlabl>
                <attrdef>DISABILITY STATUS OF THE CIVILIAN NONINSTITUTIONALIZED POPULATION:  Total Civilian Noninstitutionalized Population</attrdef>
                <attrdefs>OP</attrdefs>
            </attr>
            <attr>
                <attrlabl>DP02_0072E</attrlabl>
                <attrdef>DISABILITY STATUS OF THE CIVILIAN NONINSTITUTIONALIZED POPULATION:  Total Civilian Noninstitutionalized Population:  With a disability</attrdef>
                <attrdefs>OP</attrdefs>
            </attr>
            <attr>
                <attrlabl>DP02_0073E</attrlabl>
                <attrdef>DISABILITY STATUS OF THE CIVILIAN NONINSTITUTIONALIZED POPULATION:  Under 18 years</attrdef>
                <attrdefs>OP</attrdefs>
            </attr>
            <attr>
                <attrlabl>DP02_0074E</attrlabl>
                <attrdef>DISABILITY STATUS OF THE CIVILIAN NONINSTITUTIONALIZED POPULATION:  Under 18 years:  With a disability</attrdef>
                <attrdefs>OP</attrdefs>
            </attr>
            <attr>
                <attrlabl>DP02_0075E</attrlabl>
                <attrdef>DISABILITY STATUS OF THE CIVILIAN NONINSTITUTIONALIZED POPULATION:  18 to 64 years</attrdef>
                <attrdefs>OP</attrdefs>
            </attr>
            <attr>
                <attrlabl>DP02_0076E</attrlabl>
                <attrdef>DISABILITY STATUS OF THE CIVILIAN NONINSTITUTIONALIZED POPULATION:  18 to 64 years:  With a disability</attrdef>
                <attrdefs>OP</attrdefs>
            </attr>
            <attr>
                <attrlabl>DP02_0077E</attrlabl>
                <attrdef>DISABILITY STATUS OF THE CIVILIAN NONINSTITUTIONALIZED POPULATION:  65 years and over</attrdef>
                <attrdefs>OP</attrdefs>
            </attr>
            <attr>
                <attrlabl>DP02_0078E</attrlabl>
                <attrdef>DISABILITY STATUS OF THE CIVILIAN NONINSTITUTIONALIZED POPULATION:  65 years and over:  With a disability</attrdef>
                <attrdefs>OP</attrdefs>
            </attr>
            <attr>
                <attrlabl>DP02_0079E</attrlabl>
                <attrdef>RESIDENCE 1 YEAR AGO:  Population 1 year and over</attrdef>
                <attrdefs>OP</attrdefs>
            </attr>
            <attr>
                <attrlabl>DP02_0080E</attrlabl>
                <attrdef>RESIDENCE 1 YEAR AGO:  Population 1 year and over:  Same house</attrdef>
                <attrdefs>OP</attrdefs>
            </attr>
            <attr>
                <attrlabl>DP02_0081E</attrlabl>
                <attrdef>RESIDENCE 1 YEAR AGO:  Population 1 year and over:  Different house (in the U.S. or abroad)</attrdef>
                <attrdefs>OP</attrdefs>
            </attr>
            <attr>
                <attrlabl>DP02_0082E</attrlabl>
                <attrdef>RESIDENCE 1 YEAR AGO:  Population 1 year and over:  Different house (in the U.S. or abroad):  Different house in the U.S.</attrdef>
                <attrdefs>OP</attrdefs>
            </attr>
            <attr>
                <attrlabl>DP02_0083E</attrlabl>
                <attrdef>RESIDENCE 1 YEAR AGO:  Population 1 year and over:  Different house (in the U.S. or abroad):  Different house in the U.S.:  Same county</attrdef>
                <attrdefs>OP</attrdefs>
            </attr>
            <attr>
                <attrlabl>DP02_0084E</attrlabl>
                <attrdef>RESIDENCE 1 YEAR AGO:  Population 1 year and over:  Different house (in the U.S. or abroad):  Different house in the U.S.:  Different county</attrdef>
                <attrdefs>OP</attrdefs>
            </attr>
            <attr>
                <attrlabl>DP02_0085E</attrlabl>
                <attrdef>RESIDENCE 1 YEAR AGO:  Population 1 year and over:  Different house (in the U.S. or abroad):  Different house in the U.S.:  Different county:  Same state</attrdef>
                <attrdefs>OP</attrdefs>
            </attr>
            <attr>
                <attrlabl>DP02_0086E</attrlabl>
                <attrdef>RESIDENCE 1 YEAR AGO:  Population 1 year and over:  Different house (in the U.S. or abroad):  Different house in the U.S.:  Different county:  Different state</attrdef>
                <attrdefs>OP</attrdefs>
            </attr>
            <attr>
                <attrlabl>DP02_0087E</attrlabl>
                <attrdef>RESIDENCE 1 YEAR AGO:  Population 1 year and over:  Different house (in the U.S. or abroad):  Abroad</attrdef>
                <attrdefs>OP</attrdefs>
            </attr>
            <attr>
                <attrlabl>DP02_0088E</attrlabl>
                <attrdef>PLACE OF BIRTH:  Total population</attrdef>
                <attrdefs>OP</attrdefs>
            </attr>
            <attr>
                <attrlabl>DP02_0089E</attrlabl>
                <attrdef>PLACE OF BIRTH:  Total population:  Native</attrdef>
                <attrdefs>OP</attrdefs>
            </attr>
            <attr>
                <attrlabl>DP02_0090E</attrlabl>
                <attrdef>PLACE OF BIRTH:  Total population:  Native:  Born in United States</attrdef>
                <attrdefs>OP</attrdefs>
            </attr>
            <attr>
                <attrlabl>DP02_0091E</attrlabl>
                <attrdef>PLACE OF BIRTH:  Total population:  Native:  Born in United States:  State of residence</attrdef>
                <attrdefs>OP</attrdefs>
            </attr>
            <attr>
                <attrlabl>DP02_0092E</attrlabl>
                <attrdef>PLACE OF BIRTH:  Total population:  Native:  Born in United States:  Different state</attrdef>
                <attrdefs>OP</attrdefs>
            </attr>
            <attr>
                <attrlabl>DP02_0093E</attrlabl>
                <attrdef>PLACE OF BIRTH:  Total population:  Native:  Born in Puerto Rico, U.S. Island areas, or born abroad to American parent(s)</attrdef>
                <attrdefs>OP</attrdefs>
            </attr>
            <attr>
                <attrlabl>DP02_0094E</attrlabl>
                <attrdef>PLACE OF BIRTH:  Total population:  Foreign born</attrdef>
                <attrdefs>OP</attrdefs>
            </attr>
            <attr>
                <attrlabl>DP02_0095E</attrlabl>
                <attrdef>U.S. CITIZENSHIP STATUS:  Foreign-born population</attrdef>
                <attrdefs>OP</attrdefs>
            </attr>
            <attr>
                <attrlabl>DP02_0096E</attrlabl>
                <attrdef>U.S. CITIZENSHIP STATUS:  Foreign-born population:  Naturalized U.S. citizen</attrdef>
                <attrdefs>OP</attrdefs>
            </attr>
            <attr>
                <attrlabl>DP02_0097E</attrlabl>
                <attrdef>U.S. CITIZENSHIP STATUS:  Foreign-born population:  Not a U.S. citizen</attrdef>
                <attrdefs>OP</attrdefs>
            </attr>
            <attr>
                <attrlabl>DP02_0098E</attrlabl>
                <attrdef>YEAR OF ENTRY:  Population born outside the United States</attrdef>
                <attrdefs>OP</attrdefs>
            </attr>
            <attr>
                <attrlabl>DP02_0099E</attrlabl>
                <attrdef>YEAR OF ENTRY:  Population born outside the United States:  Native</attrdef>
                <attrdefs>OP</attrdefs>
            </attr>
            <attr>
                <attrlabl>DP02_0100E</attrlabl>
                <attrdef>YEAR OF ENTRY:  Population born outside the United States:  Native:  Entered 2010 or later</attrdef>
                <attrdefs>OP</attrdefs>
            </attr>
            <attr>
                <attrlabl>DP02_0101E</attrlabl>
                <attrdef>YEAR OF ENTRY:  Population born outside the United States:  Native:  Entered before 2010</attrdef>
                <attrdefs>OP</attrdefs>
            </attr>
            <attr>
                <attrlabl>DP02_0102E</attrlabl>
                <attrdef>YEAR OF ENTRY:  Population born outside the United States:  Foreign born</attrdef>
                <attrdefs>OP</attrdefs>
            </attr>
            <attr>
                <attrlabl>DP02_0103E</attrlabl>
                <attrdef>YEAR OF ENTRY:  Population born outside the United States:  Foreign born:  Entered 2010 or later</attrdef>
                <attrdefs>OP</attrdefs>
            </attr>
            <attr>
                <attrlabl>DP02_0104E</attrlabl>
                <attrdef>YEAR OF ENTRY:  Population born outside the United States:  Foreign born:  Entered before 2010</attrdef>
                <attrdefs>OP</attrdefs>
            </attr>
            <attr>
                <attrlabl>DP02_0105E</attrlabl>
                <attrdef>WORLD REGION OF BIRTH OF FOREIGN BORN:  Foreign-born population, excluding population born at sea</attrdef>
                <attrdefs>OP</attrdefs>
            </attr>
            <attr>
                <attrlabl>DP02_0106E</attrlabl>
                <attrdef>WORLD REGION OF BIRTH OF FOREIGN BORN:  Foreign-born population, excluding population born at sea:  Europe</attrdef>
                <attrdefs>OP</attrdefs>
            </attr>
            <attr>
                <attrlabl>DP02_0107E</attrlabl>
                <attrdef>WORLD REGION OF BIRTH OF FOREIGN BORN:  Foreign-born population, excluding population born at sea:  Asia</attrdef>
                <attrdefs>OP</attrdefs>
            </attr>
            <attr>
                <attrlabl>DP02_0108E</attrlabl>
                <attrdef>WORLD REGION OF BIRTH OF FOREIGN BORN:  Foreign-born population, excluding population born at sea:  Africa</attrdef>
                <attrdefs>OP</attrdefs>
            </attr>
            <attr>
                <attrlabl>DP02_0109E</attrlabl>
                <attrdef>WORLD REGION OF BIRTH OF FOREIGN BORN:  Foreign-born population, excluding population born at sea:  Oceania</attrdef>
                <attrdefs>OP</attrdefs>
            </attr>
            <attr>
                <attrlabl>DP02_0110E</attrlabl>
                <attrdef>WORLD REGION OF BIRTH OF FOREIGN BORN:  Foreign-born population, excluding population born at sea:  Latin America</attrdef>
                <attrdefs>OP</attrdefs>
            </attr>
            <attr>
                <attrlabl>DP02_0111E</attrlabl>
                <attrdef>WORLD REGION OF BIRTH OF FOREIGN BORN:  Foreign-born population, excluding population born at sea:  Northern America</attrdef>
                <attrdefs>OP</attrdefs>
            </attr>
            <attr>
                <attrlabl>DP02_0112E</attrlabl>
                <attrdef>LANGUAGE SPOKEN AT HOME:  Population 5 years and over</attrdef>
                <attrdefs>OP</attrdefs>
            </attr>
            <attr>
                <attrlabl>DP02_0113E</attrlabl>
                <attrdef>LANGUAGE SPOKEN AT HOME:  Population 5 years and over:  English only</attrdef>
                <attrdefs>OP</attrdefs>
            </attr>
            <attr>
                <attrlabl>DP02_0114E</attrlabl>
                <attrdef>LANGUAGE SPOKEN AT HOME:  Population 5 years and over:  Language other than English</attrdef>
                <attrdefs>OP</attrdefs>
            </attr>
            <attr>
                <attrlabl>DP02_0115E</attrlabl>
                <attrdef>LANGUAGE SPOKEN AT HOME:  Population 5 years and over:  Language other than English:  Speak English less than "very well"</attrdef>
                <attrdefs>OP</attrdefs>
            </attr>
            <attr>
                <attrlabl>DP02_0116E</attrlabl>
                <attrdef>LANGUAGE SPOKEN AT HOME:  Population 5 years and over:  Spanish</attrdef>
                <attrdefs>OP</attrdefs>
            </attr>
            <attr>
                <attrlabl>DP02_0117E</attrlabl>
                <attrdef>LANGUAGE SPOKEN AT HOME:  Population 5 years and over:  Spanish:  Speak English less than "very well"</attrdef>
                <attrdefs>OP</attrdefs>
            </attr>
            <attr>
                <attrlabl>DP02_0118E</attrlabl>
                <attrdef>LANGUAGE SPOKEN AT HOME:  Population 5 years and over:  Other Indo-European languages</attrdef>
                <attrdefs>OP</attrdefs>
            </attr>
            <attr>
                <attrlabl>DP02_0119E</attrlabl>
                <attrdef>LANGUAGE SPOKEN AT HOME:  Population 5 years and over:  Other Indo-European languages:  Speak English less than "very well"</attrdef>
                <attrdefs>OP</attrdefs>
            </attr>
            <attr>
                <attrlabl>DP02_0120E</attrlabl>
                <attrdef>LANGUAGE SPOKEN AT HOME:  Population 5 years and over:  Asian and Pacific Islander languages</attrdef>
                <attrdefs>OP</attrdefs>
            </attr>
            <attr>
                <attrlabl>DP02_0121E</attrlabl>
                <attrdef>LANGUAGE SPOKEN AT HOME:  Population 5 years and over:  Asian and Pacific Islander languages:  Speak English less than "very well"</attrdef>
                <attrdefs>OP</attrdefs>
            </attr>
            <attr>
                <attrlabl>DP02_0122E</attrlabl>
                <attrdef>LANGUAGE SPOKEN AT HOME:  Population 5 years and over:  Other languages</attrdef>
                <attrdefs>OP</attrdefs>
            </attr>
            <attr>
                <attrlabl>DP02_0123E</attrlabl>
                <attrdef>LANGUAGE SPOKEN AT HOME:  Population 5 years and over:  Other languages:  Speak English less than "very well"</attrdef>
                <attrdefs>OP</attrdefs>
            </attr>
            <attr>
                <attrlabl>DP02_0124E</attrlabl>
                <attrdef>ANCESTRY:  Total population</attrdef>
                <attrdefs>OP</attrdefs>
            </attr>
            <attr>
                <attrlabl>DP02_0125E</attrlabl>
                <attrdef>ANCESTRY:  Total population:  American</attrdef>
                <attrdefs>OP</attrdefs>
            </attr>
            <attr>
                <attrlabl>DP02_0126E</attrlabl>
                <attrdef>ANCESTRY:  Total population:  Arab</attrdef>
                <attrdefs>OP</attrdefs>
            </attr>
            <attr>
                <attrlabl>DP02_0127E</attrlabl>
                <attrdef>ANCESTRY:  Total population:  Czech</attrdef>
                <attrdefs>OP</attrdefs>
            </attr>
            <attr>
                <attrlabl>DP02_0128E</attrlabl>
                <attrdef>ANCESTRY:  Total population:  Danish</attrdef>
                <attrdefs>OP</attrdefs>
            </attr>
            <attr>
                <attrlabl>DP02_0129E</attrlabl>
                <attrdef>ANCESTRY:  Total population:  Dutch</attrdef>
                <attrdefs>OP</attrdefs>
            </attr>
            <attr>
                <attrlabl>DP02_0130E</attrlabl>
                <attrdef>ANCESTRY:  Total population:  English</attrdef>
                <attrdefs>OP</attrdefs>
            </attr>
            <attr>
                <attrlabl>DP02_0131E</attrlabl>
                <attrdef>ANCESTRY:  Total population:  French (except Basque)</attrdef>
                <attrdefs>OP</attrdefs>
            </attr>
            <attr>
                <attrlabl>DP02_0132E</attrlabl>
                <attrdef>ANCESTRY:  Total population:  French (except Basque)</attrdef>
                <attrdefs>OP</attrdefs>
            </attr>
            <attr>
                <attrlabl>DP02_0133E</attrlabl>
                <attrdef>ANCESTRY:  Total population:  German</attrdef>
                <attrdefs>OP</attrdefs>
            </attr>
            <attr>
                <attrlabl>DP02_0134E</attrlabl>
                <attrdef>ANCESTRY:  Total population:  Greek</attrdef>
                <attrdefs>OP</attrdefs>
            </attr>
            <attr>
                <attrlabl>DP02_0135E</attrlabl>
                <attrdef>ANCESTRY:  Total population:  Hungarian</attrdef>
                <attrdefs>OP</attrdefs>
            </attr>
            <attr>
                <attrlabl>DP02_0136E</attrlabl>
                <attrdef>ANCESTRY:  Total population:  Irish</attrdef>
                <attrdefs>OP</attrdefs>
            </attr>
            <attr>
                <attrlabl>DP02_0137E</attrlabl>
                <attrdef>ANCESTRY:  Total population:  Italian</attrdef>
                <attrdefs>OP</attrdefs>
            </attr>
            <attr>
                <attrlabl>DP02_0138E</attrlabl>
                <attrdef>ANCESTRY:  Total population:  Lithuanian</attrdef>
                <attrdefs>ANCESTRY:  Total population:  Lithuanian</attrdefs>
            </attr>
            <attr>
                <attrlabl>DP02_0139E</attrlabl>
                <attrdef>ANCESTRY:  Total population:  Norwegian</attrdef>
                <attrdefs>OP</attrdefs>
            </attr>
            <attr>
                <attrlabl>DP02_0140E</attrlabl>
                <attrdef>ANCESTRY:  Total population:  Polish</attrdef>
                <attrdefs>OP</attrdefs>
            </attr>
            <attr>
                <attrlabl>DP02_0141E</attrlabl>
                <attrdef>ANCESTRY:  Total population:  Portuguese</attrdef>
                <attrdefs>OP</attrdefs>
            </attr>
            <attr>
                <attrlabl>DP02_0142E</attrlabl>
                <attrdef>ANCESTRY:  Total population:  Russian</attrdef>
                <attrdefs>OP</attrdefs>
            </attr>
            <attr>
                <attrlabl>DP02_0143E</attrlabl>
                <attrdef>ANCESTRY:  Total population:  Scotch-Irish</attrdef>
                <attrdefs>OP</attrdefs>
            </attr>
            <attr>
                <attrlabl>DP02_0144E</attrlabl>
                <attrdef>ANCESTRY:  Total population:  Scottish</attrdef>
                <attrdefs>OP</attrdefs>
            </attr>
            <attr>
                <attrlabl>DP02_0145E</attrlabl>
                <attrdef>ANCESTRY:  Total population:  Slovak</attrdef>
                <attrdefs>OP</attrdefs>
            </attr>
            <attr>
                <attrlabl>DP02_0146E</attrlabl>
                <attrdef>ANCESTRY:  Total population:  Subsaharan African</attrdef>
                <attrdefs>OP</attrdefs>
            </attr>
            <attr>
                <attrlabl>DP02_0147E</attrlabl>
                <attrdef>ANCESTRY:  Total population:  Swedish</attrdef>
                <attrdefs>OP</attrdefs>
            </attr>
            <attr>
                <attrlabl>DP02_0148E</attrlabl>
                <attrdef>ANCESTRY:  Total population:  Swiss</attrdef>
                <attrdefs>OP</attrdefs>
            </attr>
            <attr>
                <attrlabl>DP02_0149E</attrlabl>
                <attrdef>ANCESTRY:  Total population:  Ukrainian</attrdef>
                <attrdefs>OP</attrdefs>
            </attr>
            <attr>
                <attrlabl>DP02_0150E</attrlabl>
                <attrdef>ANCESTRY:  Total population:  Welsh</attrdef>
                <attrdefs>OP</attrdefs>
            </attr>
            <attr>
                <attrlabl>DP02_0151E</attrlabl>
                <attrdef>ANCESTRY:  Total population:  West Indian (excluding Hispanic origin groups)</attrdef>
                <attrdefs>OP</attrdefs>
            </attr>
            <attr>
                <attrlabl>DP02_0152E</attrlabl>
                <attrdef>COMPUTERS AND INTERNET USE:  Total households</attrdef>
                <attrdefs>OP</attrdefs>
            </attr>
            <attr>
                <attrlabl>DP02_0153E</attrlabl>
                <attrdef>COMPUTERS AND INTERNET USE:  Total households:  With a computer</attrdef>
                <attrdefs>OP</attrdefs>
            </attr>
            <attr>
                <attrlabl>DP02_0154E</attrlabl>
                <attrdef>COMPUTERS AND INTERNET USE:  Total households:  With a broadband Internet subscription</attrdef>
                <attrdefs>OP</attrdefs>
            </attr>
            <attr>
                <attrlabl>GIS_ID</attrlabl>
                <attrdef>GIS Identifier</attrdef>
                <attrdefs>OP</attrdefs>
            </attr>
            <attr>
                <attrlabl>SE_ANNO_CAD_DATA</attrlabl>
            </attr>
            <attr>
                <attrlabl>SHAPE.AREA</attrlabl>
            </attr>
            <attr>
                <attrlabl>SHAPE.LEN</attrlabl>
            </attr>
        </detailed>
    </eainfo>
    <distinfo>
        <distrib>
            <cntinfo>
                <cntorgp>
                    <cntorg>Office of the Chief Technology Officer</cntorg>
                </cntorgp>
                <cntpos>GIS Data Coordinator</cntpos>
                <cntaddr>
                    <addrtype>mailing and physical</addrtype>
                    <address>200 I Street, SE</address>
                    <city>Washington</city>
                    <state>DC</state>
                    <postal>20003</postal>
                    <country>US</country>
                </cntaddr>
                <cntvoice>(202) 727-2277</cntvoice>
                <cntfax>(202) 727-6857</cntfax>
                <cntemail>octo@dc.gov</cntemail>
                <hours>8:30 am to 5:30 pm</hours>
            </cntinfo>
        </distrib>
        <distliab>See access and use constraints information.</distliab>
    </distinfo>
    <metainfo>
        <metd>20240326</metd>
        <metc>
            <cntinfo>
                <cntorgp>
                    <cntorg>Office of the Chief Technology Officer</cntorg>
                </cntorgp>
                <cntpos>GIS Data Coordinator</cntpos>
                <cntaddr>
                    <addrtype>mailing and physical</addrtype>
                    <address>200 I Street, SE</address>
                    <city>Washington</city>
                    <state>DC</state>
                    <postal>20003</postal>
                    <country>US</country>
                </cntaddr>
                <cntvoice>(202) 727-2277</cntvoice>
                <cntfax>(202) 727-6857</cntfax>
                <cntemail>octo@dc.gov</cntemail>
                <hours>8:30 am to 5:30 pm</hours>
            </cntinfo>
        </metc>
        <metstdn>FGDC Content Standard for Digital Geospatial Metadata</metstdn>
        <metstdv>FGDC-STD-001-1998</metstdv>
        <mettc>local time</mettc>
    </metainfo>
</metadata>
