<?xml version="1.0" encoding="UTF-8"?><metadata>
    <idinfo>
        <citation>
            <citeinfo>
                <origin/>
                <pubdate>20220805</pubdate>
                <title>Heat Sensitivity Exposure Index</title>
                <geoform>vector digital data</geoform>
            </citeinfo>
        </citation>
        <descript>
            <abstract>This Index combines a Heat Sensitivity Index and a Heat Exposure Index allowing users to visualize which census tracts in DC are most heat sensitive and/or exposed. The Heat Sensitivity Index is made up of variables that influence an individual’s ability to adapt to, cope with, or recover from extreme heat and includes six socio-economic and demographic variables and three health variables. The Heat Exposure Index includes ambient air temperature as the heat exposure variable and two physical variables that contributes to heat retention (i.e., impervious surfaces and lack of tree canopy cover). </abstract>
            <purpose>To advance the extreme heat planning efforts in the District of Columbia, the Cadmus Team conducted a heat sensitivity and exposure indexing assessment.</purpose>
        </descript>
        <status>
            <progress>Complete</progress>
            <update>None planned</update>
        </status>
        <spdom>
            <bounding>
                <westbc>-77.11986199999869</westbc>
                <eastbc>-76.90926199999869</eastbc>
                <northbc>38.99585199999934</northbc>
                <southbc>38.791589999999346</southbc>
            </bounding>
        </spdom>
        <keywords>
            <theme>
                <themekt>None</themekt>
                <themekey>washington dc</themekey>
                <themekey>heat sensitivity</themekey>
                <themekey>temperature</themekey>
                <themekey>District of Columbia</themekey>
                <themekey>health</themekey>
                <themekey>environment</themekey>
                <themekey>climate</themekey>
            </theme>
        </keywords>
        <accconst>Other Constraints</accconst>
        <useconst>This work is licensed under a Creative Commons Attribution 4.0 International License.</useconst>
        <ptcontac>
            <cntinfo>
                <cntorgp>
                    <cntorg>Office of the Chief Technology Officer</cntorg>
                    <cntper>GIS Data Coordinator</cntper>
                </cntorgp>
                <cntaddr>
                    <addrtype>mailing and physical</addrtype>
                    <address>200 I Street SE, 5th Floor</address>
                    <city>Washington</city>
                    <state>DC</state>
                    <postal>20003</postal>
                    <country>US</country>
                </cntaddr>
                <cntvoice>(202) 727-2277</cntvoice>
                <cntemail>dcgis@dc.gov</cntemail>
                <hours>8:30 am - 5 pm</hours>
            </cntinfo>
        </ptcontac>
        <ptcontac>
            <cntinfo>
                <cntorgp>
                    <cntorg>Department of Energy and Environment</cntorg>
                    <cntper>Urban Sustainability Administration</cntper>
                </cntorgp>
                <cntaddr>
                    <addrtype>mailing and physical</addrtype>
                    <address>1200 First Street NE</address>
                    <city>Washington</city>
                    <state>DC</state>
                    <postal>20002</postal>
                    <country>US</country>
                </cntaddr>
                <cntvoice>202) 535-2600</cntvoice>
                <cntemail>doeeit@dc.gov</cntemail>
            </cntinfo>
        </ptcontac>
        <datacred>Department of Energy and Environment</datacred>
        <native>Version 6.2 (Build 9200) ; Esri ArcGIS 10.8.1.14362</native>
    </idinfo>
    <spdoinfo>
        <direct>Vector</direct>
        <ptvctinf>
            <sdtsterm>
                <sdtstype>GT-polygon composed of chains</sdtstype>
                <ptvctcnt>0</ptvctcnt>
            </sdtsterm>
        </ptvctinf>
    </spdoinfo>
    <eainfo>
        <detailed>
            <enttyp>
                <enttypl>DCGIS.HSEIPly</enttypl>
            </enttyp>
            <attr>
                <attrlabl>OBJECTID</attrlabl>
                <attrdef>Internal feature number.</attrdef>
                <attrdefs>Esri</attrdefs>
                <attrdomv>
                                        					
                    
                    <udom>Sequential unique whole numbers that are automatically generated.</udom>
                                        				
                
                </attrdomv>
            </attr>
            <attr>
                <attrlabl>Shape</attrlabl>
                <attrdef>Feature geometry.</attrdef>
                <attrdefs>Esri</attrdefs>
                <attrdomv>
                                        					
                    
                    <udom>Coordinates defining the features.</udom>
                                        				
                
                </attrdomv>
            </attr>
            <attr>
                <attrlabl>TRACT</attrlabl>
                <attrdef>Census Tract number (GIS Census Tract identifying information)</attrdef>
                <attrdefs>DDOE</attrdefs>
            </attr>
            <attr>
                <attrlabl>ID2</attrlabl>
                <attrdef>Census Tract number (GIS Census Tract identifying information)</attrdef>
                <attrdefs>DDOE</attrdefs>
            </attr>
            <attr>
                <attrlabl>GEO_ID</attrlabl>
                <attrdef>GEOID (GIS Census Tract identifying information)</attrdef>
                <attrdefs>DDOE</attrdefs>
            </attr>
            <attr>
                <attrlabl>NAME</attrlabl>
                <attrdef>Census Tract name (GIS Census Tract identifying information)</attrdef>
                <attrdefs>DOEE</attrdefs>
            </attr>
            <attr>
                <attrlabl>ID</attrlabl>
                <attrdef>ID</attrdef>
                <attrdefs>DOEE</attrdefs>
            </attr>
            <attr>
                <attrlabl>TOTALPOP</attrlabl>
                <attrdef>Total 2020 census population</attrdef>
                <attrdefs>DOEE</attrdefs>
            </attr>
            <attr>
                <attrlabl>P_POC</attrlabl>
                <attrdef>Percent of people of color population ('Not Hispanic or Latino, White Alone')</attrdef>
                <attrdefs>DOEE</attrdefs>
            </attr>
            <attr>
                <attrlabl>P_CHILD</attrlabl>
                <attrdef>Percent of population below 5 years of age</attrdef>
                <attrdefs>DOEE</attrdefs>
            </attr>
            <attr>
                <attrlabl>P_ELDERLY</attrlabl>
                <attrdef>Percent of population over 65 years of age</attrdef>
                <attrdefs>DOEE</attrdefs>
            </attr>
            <attr>
                <attrlabl>P_POVERTY</attrlabl>
                <attrdef>Percent of population  below 200% above the Federal Poverty Line</attrdef>
                <attrdefs>DOEE</attrdefs>
            </attr>
            <attr>
                <attrlabl>P_DISABILITY</attrlabl>
                <attrdef>Percent of population that report having a disability</attrdef>
                <attrdefs>DOEE</attrdefs>
            </attr>
            <attr>
                <attrlabl>P_LIMENG</attrlabl>
                <attrdef>Percent of households that are “limited English speaking”</attrdef>
                <attrdefs>DOEE</attrdefs>
            </attr>
            <attr>
                <attrlabl>ASTHMA</attrlabl>
                <attrdef>Crude prevalence of adults with asthma</attrdef>
                <attrdefs>DOEE</attrdefs>
            </attr>
            <attr>
                <attrlabl>CHD</attrlabl>
                <attrdef>Crude prevalence of adults diagnosed with CHD</attrdef>
                <attrdefs>DOEE</attrdefs>
            </attr>
            <attr>
                <attrlabl>OBESITY</attrlabl>
                <attrdef>Crude prevalence of adults who are obese (body mass index of 30+)</attrdef>
                <attrdefs>DOEE</attrdefs>
            </attr>
            <attr>
                <attrlabl>HSI</attrlabl>
                <attrdef>Heat Sensitivity Index</attrdef>
                <attrdefs>DOEE</attrdefs>
            </attr>
            <attr>
                <attrlabl>P_TREECOVER</attrlabl>
                <attrdef>Percent of census tract covered in tree canopy</attrdef>
                <attrdefs>DOEE</attrdefs>
            </attr>
            <attr>
                <attrlabl>P_NOTREE</attrlabl>
                <attrdef>Percent of census tract not covered in tree canopy</attrdef>
                <attrdefs>DOEE</attrdefs>
            </attr>
            <attr>
                <attrlabl>P_IMPSURF</attrlabl>
                <attrdef>Percent of impervious surfaces</attrdef>
                <attrdefs>DOEE</attrdefs>
            </attr>
            <attr>
                <attrlabl>AIRTEMP_MEAN</attrlabl>
                <attrdef>Average ambient air temperature per Census Tract (degrees Celsius)</attrdef>
                <attrdefs>DOEE</attrdefs>
            </attr>
            <attr>
                <attrlabl>HEI</attrlabl>
                <attrdef>Heat Exposure Index (50% Air Temp, 25% lack of tree canopy, 25% impervious surface)</attrdef>
                <attrdefs>DOEE</attrdefs>
            </attr>
            <attr>
                <attrlabl>HSEI</attrlabl>
                <attrdef>Heat Sensitivity Exposure Index (50% HSI, 50% HEI)</attrdef>
                <attrdefs>DOEE</attrdefs>
            </attr>
            <attr>
                <attrlabl>SHAPE.AREA</attrlabl>
            </attr>
            <attr>
                <attrlabl>SHAPE.LEN</attrlabl>
            </attr>
        </detailed>
    </eainfo>
    <distinfo>
        <distrib>
            <cntinfo>
                <cntorgp>
                    <cntorg>D.C. Office of the Chief Technology Officer</cntorg>
                    <cntper>GIS Data Coordinator</cntper>
                </cntorgp>
                <cntaddr>
                    <addrtype>mailing and physical</addrtype>
                    <address>200 I Street SE, 5th Floor</address>
                    <city>Washington</city>
                    <state>DC</state>
                    <postal>20003</postal>
                    <country>US</country>
                </cntaddr>
                <cntfax>(202) 727-5660</cntfax>
                <cntemail>dcgis@dc.gov</cntemail>
                <hours>8:30 am - 5 pm</hours>
            </cntinfo>
        </distrib>
        <distliab>See access and use constraints information.</distliab>
        <custom>DC datasets can be downloaded from "http://opendata.dc.gov".</custom>
    </distinfo>
    <metainfo>
        <metd>20220811</metd>
        <metc>
            <cntinfo>
                <cntorgp>
                    <cntorg>Office of the Chief Technology Officer</cntorg>
                    <cntper>GIS Data Coordinator</cntper>
                </cntorgp>
                <cntaddr>
                    <addrtype>mailing and physical</addrtype>
                    <address>200 I Street SE, 5th Floor</address>
                    <city>Washington</city>
                    <state>DC</state>
                    <postal>20003</postal>
                    <country>US</country>
                </cntaddr>
                <cntfax>(202) 727-5660</cntfax>
                <cntemail>dcgis@dc.gov</cntemail>
                <hours>8:30 am - 5 pm</hours>
            </cntinfo>
        </metc>
        <metstdn>FGDC Content Standard for Digital Geospatial Metadata</metstdn>
        <metstdv>FGDC-STD-001-1998</metstdv>
        <mettc>local time</mettc>
    </metainfo>
</metadata>
